location,PreExperiment.started,PreExperiment.stopped,date,expName,psychopyVersion,OS,frameRate,id,participant,PracInstruc.started,PracInstruc.stopped,PracInstruct2.started,PracInstruct2.stopped,fixation.started,fixation.stopped,fixDuration,trial.started,trial.stopped,resp.keys,resp.corr,resp.rt,resp.duration,feedback.started,feedback.stopped,pracLoop.thisRepN,pracLoop.thisTrialN,pracLoop.thisN,pracLoop.thisIndex,pracLoop.ran,cue,tar,pos_loc,corrAns,targOrientation,MainInstruc.started,MainInstruc.stopped,instResp.keys,instResp.rt,instResp.duration,mainLoop.thisRepN,mainLoop.thisTrialN,mainLoop.thisN,mainLoop.thisIndex,mainLoop.ran,Rest.started,Rest.stopped,blockLoop.thisRepN,blockLoop.thisTrialN,blockLoop.thisN,blockLoop.thisIndex,blockLoop.ran,End.started,End.stopped
1,1E-04,11.4287,2026-02-28_12h51.50.345,ant_ver113,2025.2.3,MacIntel,59.88023952,110287,110287,,,,,,,,,,,,,,,,,,,,,,,,,,,,,,,,,,,,,,,,,,,,
1,,,2026-02-28_12h51.50.345,ant_ver113,2025.2.3,MacIntel,59.88023952,110287,110287,11.4289,29.7393,,,,,,,,,,,,,,,,,,,,,,,,,,,,,,,,,,,,,,,,,,
1,,,2026-02-28_12h51.50.345,ant_ver113,2025.2.3,MacIntel,59.88023952,110287,110287,,,29.7394,46.2069,,,,,,,,,,,,,,,,,,,,,,,,,,,,,,,,,,,,,,,,
1,,,2026-02-28_12h51.50.345,ant_ver113,2025.2.3,MacIntel,59.88023952,110287,110287,,,,,46.2161,47.2197,1,47.22,51.214,right,1,0.9664,,51.2141,52.2104,0,0,0,0,1,stim/centre.png,stim/congRight.png,-1,right,0,,,,,,,,,,,,,,,,,,,
1,,,2026-02-28_12h51.50.345,ant_ver113,2025.2.3,MacIntel,59.88023952,110287,110287,,,,,52.2107,53.5095,1.3,53.5097,57.5048,left,1,0.5828,,57.5052,58.5004,0,1,1,17,1,stim/both.png,stim/neutralLeft.png,-1,left,0,,,,,,,,,,,,,,,,,,,
1,,,2026-02-28_12h51.50.345,ant_ver113,2025.2.3,MacIntel,59.88023952,110287,110287,,,,,58.5006,59.0967,0.6,59.097,63.0909,left,1,0.6196,,63.0912,64.0876,0,2,2,6,1,stim/blank.png,stim/congLeft.png,1,left,0,,,,,,,,,,,,,,,,,,,
1,,,2026-02-28_12h51.50.345,ant_ver113,2025.2.3,MacIntel,59.88023952,110287,110287,,,,,64.0877,65.2806,1.2,65.2809,69.2736,left,0,0.4919,,69.2739,70.285,0,3,3,7,1,stim/blank.png,stim/incongRight.png,-1,right,0,,,,,,,,,,,,,,,,,,,
1,,,2026-02-28_12h51.50.345,ant_ver113,2025.2.3,MacIntel,59.88023952,110287,110287,,,,,70.2854,71.0403,0.75,71.0405,75.0401,left,1,0.8185,,75.0405,76.0349,0,4,4,10,1,stim/lower.png,stim/incongLeft.png,-1,left,0,,,,,,,,,,,,,,,,,,,
1,,,2026-02-28_12h51.50.345,ant_ver113,2025.2.3,MacIntel,59.88023952,110287,110287,,,,,76.035,76.7727,0.75,76.7729,80.7731,left,1,0.8444,,80.7735,81.7702,0,5,5,9,1,stim/centre.png,stim/congLeft.png,-1,left,0,,,,,,,,,,,,,,,,,,,
1,,,2026-02-28_12h51.50.345,ant_ver113,2025.2.3,MacIntel,59.88023952,110287,110287,,,,,81.7703,82.823,1.05,82.8233,86.8268,right,1,0.7513,,86.8272,87.8232,0,6,6,2,1,stim/centre.png,stim/congRight.png,1,right,0,,,,,,,,,,,,,,,,,,,
1,,,2026-02-28_12h51.50.345,ant_ver113,2025.2.3,MacIntel,59.88023952,110287,110287,,,,,87.8234,89.0687,1.25,89.0688,93.0581,left,1,0.5289,,93.0584,94.0717,0,7,7,4,1,stim/centre.png,stim/congLeft.png,1,left,0,,,,,,,,,,,,,,,,,,,
1,,,2026-02-28_12h51.50.345,ant_ver113,2025.2.3,MacIntel,59.88023952,110287,110287,,,,,94.0718,95.5627,1.5,95.563,99.5572,right,1,0.655,,99.5575,100.5521,0,8,8,18,1,stim/blank.png,stim/congRight.png,-1,right,0,,,,,,,,,,,,,,,,,,,
1,,,2026-02-28_12h51.50.345,ant_ver113,2025.2.3,MacIntel,59.88023952,110287,110287,,,,,100.5522,101.0956,0.55,101.0958,105.0756,left,1,0.7091,,105.0759,106.0892,0,9,9,21,1,stim/centre.png,stim/incongLeft.png,-1,left,0,,,,,,,,,,,,,,,,,,,
1,,,2026-02-28_12h51.50.345,ant_ver113,2025.2.3,MacIntel,59.88023952,110287,110287,,,,,106.0893,106.6334,0.55,106.6337,110.6301,left,1,1.1116,,110.6304,111.6257,0,10,10,20,1,stim/blank.png,stim/incongLeft.png,1,left,0,,,,,,,,,,,,,,,,,,,
1,,,2026-02-28_12h51.50.345,ant_ver113,2025.2.3,MacIntel,59.88023952,110287,110287,,,,,111.6258,112.8722,1.25,112.8725,116.8715,left,1,0.8008,,116.8718,117.8665,0,11,11,16,1,stim/blank.png,stim/incongLeft.png,-1,left,0,,,,,,,,,,,,,,,,,,,
1,,,2026-02-28_12h51.50.345,ant_ver113,2025.2.3,MacIntel,59.88023952,110287,110287,,,,,117.8667,118.5161,0.65,118.5163,122.5124,left,1,0.7315,,122.5129,123.5091,0,12,12,8,1,stim/upper.png,stim/neutralLeft.png,1,left,0,,,,,,,,,,,,,,,,,,,
1,,,2026-02-28_12h51.50.345,ant_ver113,2025.2.3,MacIntel,59.88023952,110287,110287,,,,,123.5094,123.9472,0.45,123.9475,127.9451,right,1,0.657,,127.9455,128.9416,0,13,13,11,1,stim/upper.png,stim/incongRight.png,1,right,0,,,,,,,,,,,,,,,,,,,
1,,,2026-02-28_12h51.50.345,ant_ver113,2025.2.3,MacIntel,59.88023952,110287,110287,,,,,128.9417,130.4851,1.55,130.4853,134.4839,left,1,0.7644,,134.4843,135.4801,0,14,14,5,1,stim/both.png,stim/congLeft.png,-1,left,0,,,,,,,,,,,,,,,,,,,
1,,,2026-02-28_12h51.50.345,ant_ver113,2025.2.3,MacIntel,59.88023952,110287,110287,,,,,135.4803,137.0253,1.55,137.0255,141.0244,left,1,0.7644,,141.0244,142.0188,0,15,15,15,1,stim/blank.png,stim/congLeft.png,-1,left,0,,,,,,,,,,,,,,,,,,,
1,,,2026-02-28_12h51.50.345,ant_ver113,2025.2.3,MacIntel,59.88023952,110287,110287,,,,,142.0189,143.3697,1.35,143.37,147.36,left,1,0.5641,,147.3604,148.3732,0,16,16,12,1,stim/lower.png,stim/congLeft.png,-1,left,0,,,,,,,,,,,,,,,,,,,
1,,,2026-02-28_12h51.50.345,ant_ver113,2025.2.3,MacIntel,59.88023952,110287,110287,,,,,148.3733,149.7101,1.35,149.7103,153.7005,right,1,0.5817,,153.7009,154.7138,0,17,17,19,1,stim/lower.png,stim/incongRight.png,-1,right,0,,,,,,,,,,,,,,,,,,,
1,,,2026-02-28_12h51.50.345,ant_ver113,2025.2.3,MacIntel,59.88023952,110287,110287,,,,,154.714,155.9072,1.2,155.9074,159.901,left,1,0.6557,,159.9013,160.8967,0,18,18,14,1,stim/centre.png,stim/neutralLeft.png,-1,left,0,,,,,,,,,,,,,,,,,,,
1,,,2026-02-28_12h51.50.345,ant_ver113,2025.2.3,MacIntel,59.88023952,110287,110287,,,,,160.8969,161.897,1,161.8972,165.9011,right,1,0.3825,,165.9015,166.8978,0,19,19,13,1,stim/both.png,stim/congRight.png,-1,right,0,,,,,,,,,,,,,,,,,,,
1,,,2026-02-28_12h51.50.345,ant_ver113,2025.2.3,MacIntel,59.88023952,110287,110287,,,,,166.8979,167.3373,0.45,167.3376,171.3357,left,1,0.6386,,171.3361,172.3324,0,20,20,22,1,stim/centre.png,stim/neutralLeft.png,1,left,0,,,,,,,,,,,,,,,,,,,
1,,,2026-02-28_12h51.50.345,ant_ver113,2025.2.3,MacIntel,59.88023952,110287,110287,,,,,172.3325,173.6312,1.3,173.6314,177.6288,right,1,0.6205,,177.6291,178.6246,0,21,21,23,1,stim/both.png,stim/neutralRight.png,1,right,0,,,,,,,,,,,,,,,,,,,
1,,,2026-02-28_12h51.50.345,ant_ver113,2025.2.3,MacIntel,59.88023952,110287,110287,,,,,178.6246,179.5194,0.9,179.5196,183.5173,right,1,0.7475,,183.5176,184.5138,0,22,22,3,1,stim/both.png,stim/incongRight.png,-1,right,0,,,,,,,,,,,,,,,,,,,
1,,,2026-02-28_12h51.50.345,ant_ver113,2025.2.3,MacIntel,59.88023952,110287,110287,,,,,184.5139,185.6545,1.15,185.6546,189.6477,left,1,0.6187,,189.6479,190.644,0,23,23,1,1,stim/both.png,stim/incongLeft.png,1,left,0,,,,,,,,,,,,,,,,,,,
1,,,2026-02-28_12h51.50.345,ant_ver113,2025.2.3,MacIntel,59.88023952,110287,110287,,,,,,,,,,,,,,,,,,,,,,,,,,190.6442,204.7928,space,4.1475,,,,,,,,,,,,,,,
1,,,2026-02-28_12h51.50.345,ant_ver113,2025.2.3,MacIntel,59.88023952,110287,110287,,,,,204.7979,206.1495,1.35,206.1498,210.1532,left,1,0.8553,,,,,,,,,stim/blank.png,stim/incongLeft.png,-1,left,0,,,,,,0,0,0,16,1,,,,,,,,,
1,,,2026-02-28_12h51.50.345,ant_ver113,2025.2.3,MacIntel,59.88023952,110287,110287,,,,,210.1535,211.6455,1.5,211.6456,215.6352,right,1,0.5276,,,,,,,,,stim/both.png,stim/congRight.png,-1,right,0,,,,,,0,1,1,13,1,,,,,,,,,
1,,,2026-02-28_12h51.50.345,ant_ver113,2025.2.3,MacIntel,59.88023952,110287,110287,,,,,215.6354,216.1801,0.55,216.1803,220.172,right,1,0.6009,,,,,,,,,stim/both.png,stim/congRight.png,1,right,0,,,,,,0,2,2,47,1,,,,,,,,,
1,,,2026-02-28_12h51.50.345,ant_ver113,2025.2.3,MacIntel,59.88023952,110287,110287,,,,,220.1722,220.9622,0.8,220.9624,224.9587,right,1,0.6372,,,,,,,,,stim/blank.png,stim/incongRight.png,1,right,0,,,,,,0,3,3,40,1,,,,,,,,,
1,,,2026-02-28_12h51.50.345,ant_ver113,2025.2.3,MacIntel,59.88023952,110287,110287,,,,,224.9589,226.3631,1.4,226.3633,230.3652,right,1,0.7828,,,,,,,,,stim/centre.png,stim/neutralRight.png,-1,right,0,,,,,,0,4,4,35,1,,,,,,,,,
1,,,2026-02-28_12h51.50.345,ant_ver113,2025.2.3,MacIntel,59.88023952,110287,110287,,,,,230.3654,231.4532,1.1,231.4535,235.4484,left,1,0.5644,,,,,,,,,stim/lower.png,stim/congLeft.png,-1,left,0,,,,,,0,5,5,12,1,,,,,,,,,
1,,,2026-02-28_12h51.50.345,ant_ver113,2025.2.3,MacIntel,59.88023952,110287,110287,,,,,235.4486,236.2385,0.8,236.2388,240.2275,right,1,0.4916,,,,,,,,,stim/lower.png,stim/congRight.png,-1,right,0,,,,,,0,6,6,43,1,,,,,,,,,
1,,,2026-02-28_12h51.50.345,ant_ver113,2025.2.3,MacIntel,59.88023952,110287,110287,,,,,240.2277,241.7186,1.5,241.7188,245.7154,right,1,0.6741,,,,,,,,,stim/blank.png,stim/congRight.png,1,right,0,,,,,,0,7,7,45,1,,,,,,,,,
1,,,2026-02-28_12h51.50.345,ant_ver113,2025.2.3,MacIntel,59.88023952,110287,110287,,,,,245.7156,246.4699,0.75,246.47,250.464,right,1,0.6367,,,,,,,,,stim/lower.png,stim/neutralRight.png,-1,right,0,,,,,,0,8,8,28,1,,,,,,,,,
1,,,2026-02-28_12h51.50.345,ant_ver113,2025.2.3,MacIntel,59.88023952,110287,110287,,,,,250.4642,251.3064,0.85,251.3066,255.3074,right,1,0.7457,,,,,,,,,stim/both.png,stim/incongRight.png,-1,right,0,,,,,,0,9,9,3,1,,,,,,,,,
1,,,2026-02-28_12h51.50.345,ant_ver113,2025.2.3,MacIntel,59.88023952,110287,110287,,,,,255.3077,256.2544,0.95,256.2546,260.2498,right,1,0.6017,,,,,,,,,stim/upper.png,stim/neutralRight.png,1,right,0,,,,,,0,10,10,27,1,,,,,,,,,
1,,,2026-02-28_12h51.50.345,ant_ver113,2025.2.3,MacIntel,59.88023952,110287,110287,,,,,260.25,261.2499,1,261.2501,265.2423,left,1,0.5291,,,,,,,,,stim/upper.png,stim/incongLeft.png,1,left,0,,,,,,0,11,11,33,1,,,,,,,,,
1,,,2026-02-28_12h51.50.345,ant_ver113,2025.2.3,MacIntel,59.88023952,110287,110287,,,,,265.2425,265.7867,0.55,265.7869,269.7895,right,1,0.8373,,,,,,,,,stim/lower.png,stim/incongRight.png,-1,right,0,,,,,,0,12,12,19,1,,,,,,,,,
1,,,2026-02-28_12h51.50.345,ant_ver113,2025.2.3,MacIntel,59.88023952,110287,110287,,,,,269.7897,270.2814,0.5,270.2816,274.2737,left,0,0.4553,,,,,,,,,stim/both.png,stim/neutralRight.png,-1,right,0,,,,,,0,13,13,41,1,,,,,,,,,
1,,,2026-02-28_12h51.50.345,ant_ver113,2025.2.3,MacIntel,59.88023952,110287,110287,,,,,274.2739,275.5715,1.3,275.5717,279.5598,left,1,0.9471,,,,,,,,,stim/both.png,stim/incongLeft.png,1,left,0,,,,,,0,14,14,1,1,,,,,,,,,
1,,,2026-02-28_12h51.50.345,ant_ver113,2025.2.3,MacIntel,59.88023952,110287,110287,,,,,279.5599,280.1557,0.6,280.156,284.1464,right,1,1.0009,,,,,,,,,stim/centre.png,stim/incongRight.png,-1,right,0,,,,,,0,15,15,25,1,,,,,,,,,
1,,,2026-02-28_12h51.50.345,ant_ver113,2025.2.3,MacIntel,59.88023952,110287,110287,,,,,284.1466,284.9886,0.85,284.9888,288.9862,right,1,0.6745,,,,,,,,,stim/centre.png,stim/congRight.png,1,right,0,,,,,,0,16,16,2,1,,,,,,,,,
1,,,2026-02-28_12h51.50.345,ant_ver113,2025.2.3,MacIntel,59.88023952,110287,110287,,,,,288.9864,290.5307,1.55,290.5308,294.5272,left,1,0.6562,,,,,,,,,stim/blank.png,stim/congLeft.png,1,left,0,,,,,,0,17,17,6,1,,,,,,,,,
1,,,2026-02-28_12h51.50.345,ant_ver113,2025.2.3,MacIntel,59.88023952,110287,110287,,,,,294.5273,295.3182,0.8,295.3185,299.3144,left,1,0.6551,,,,,,,,,stim/lower.png,stim/incongLeft.png,-1,left,0,,,,,,0,18,18,10,1,,,,,,,,,
1,,,2026-02-28_12h51.50.345,ant_ver113,2025.2.3,MacIntel,59.88023952,110287,110287,,,,,299.3146,300.7181,1.4,300.7183,304.7087,right,1,0.9844,,,,,,,,,stim/centre.png,stim/incongRight.png,1,right,0,,,,,,0,19,19,26,1,,,,,,,,,
1,,,2026-02-28_12h51.50.345,ant_ver113,2025.2.3,MacIntel,59.88023952,110287,110287,,,,,304.7088,305.9007,1.2,305.901,309.8934,right,1,0.5644,,,,,,,,,stim/centre.png,stim/neutralRight.png,1,right,0,,,,,,0,20,20,29,1,,,,,,,,,
1,,,2026-02-28_12h51.50.345,ant_ver113,2025.2.3,MacIntel,59.88023952,110287,110287,,,,,309.8935,310.9983,1.1,310.9985,314.9959,left,1,0.676,,,,,,,,,stim/blank.png,stim/neutralLeft.png,1,left,0,,,,,,0,21,21,42,1,,,,,,,,,
1,,,2026-02-28_12h51.50.345,ant_ver113,2025.2.3,MacIntel,59.88023952,110287,110287,,,,,314.9961,315.6451,0.65,315.6453,319.6366,right,0,0.4921,,,,,,,,,stim/blank.png,stim/neutralLeft.png,-1,left,0,,,,,,0,22,22,32,1,,,,,,,,,
1,,,2026-02-28_12h51.50.345,ant_ver113,2025.2.3,MacIntel,59.88023952,110287,110287,,,,,319.6368,320.1285,0.5,320.1286,324.1238,right,1,0.5283,,,,,,,,,stim/centre.png,stim/congRight.png,-1,right,0,,,,,,0,23,23,0,1,,,,,,,,,
1,,,2026-02-28_12h51.50.345,ant_ver113,2025.2.3,MacIntel,59.88023952,110287,110287,,,,,324.1239,324.9138,0.8,324.914,328.9105,left,1,0.6198,,,,,,,,,stim/centre.png,stim/incongLeft.png,1,left,0,,,,,,0,24,24,46,1,,,,,,,,,
1,,,2026-02-28_12h51.50.345,ant_ver113,2025.2.3,MacIntel,59.88023952,110287,110287,,,,,328.9106,329.5082,0.6,329.5084,333.5035,left,1,0.5475,,,,,,,,,stim/centre.png,stim/congLeft.png,1,left,0,,,,,,0,25,25,4,1,,,,,,,,,
1,,,2026-02-28_12h51.50.345,ant_ver113,2025.2.3,MacIntel,59.88023952,110287,110287,,,,,333.5038,334.6456,1.15,334.6458,338.6429,left,1,0.7098,,,,,,,,,stim/both.png,stim/neutralLeft.png,1,left,0,,,,,,0,26,26,31,1,,,,,,,,,
1,,,2026-02-28_12h51.50.345,ant_ver113,2025.2.3,MacIntel,59.88023952,110287,110287,,,,,338.643,339.6453,1,339.6456,343.6382,right,1,0.5648,,,,,,,,,stim/both.png,stim/neutralRight.png,1,right,0,,,,,,0,27,27,23,1,,,,,,,,,
1,,,2026-02-28_12h51.50.345,ant_ver113,2025.2.3,MacIntel,59.88023952,110287,110287,,,,,343.6384,344.2353,0.6,344.2355,348.2256,left,1,0.4004,,,,,,,,,stim/both.png,stim/congLeft.png,-1,left,0,,,,,,0,28,28,5,1,,,,,,,,,
1,,,2026-02-28_12h51.50.345,ant_ver113,2025.2.3,MacIntel,59.88023952,110287,110287,,,,,348.2257,348.9279,0.7,348.9281,352.9282,left,1,0.6558,,,,,,,,,stim/upper.png,stim/neutralLeft.png,1,left,0,,,,,,0,29,29,8,1,,,,,,,,,
1,,,2026-02-28_12h51.50.345,ant_ver113,2025.2.3,MacIntel,59.88023952,110287,110287,,,,,352.9284,353.7174,0.8,353.7176,357.7093,left,1,0.4554,,,,,,,,,stim/lower.png,stim/neutralLeft.png,-1,left,0,,,,,,0,30,30,38,1,,,,,,,,,
1,,,2026-02-28_12h51.50.345,ant_ver113,2025.2.3,MacIntel,59.88023952,110287,110287,,,,,357.7095,358.7975,1.1,358.7977,362.7892,left,1,0.5277,,,,,,,,,stim/centre.png,stim/neutralLeft.png,-1,left,0,,,,,,0,31,31,14,1,,,,,,,,,
1,,,2026-02-28_12h51.50.345,ant_ver113,2025.2.3,MacIntel,59.88023952,110287,110287,,,,,362.7894,364.2295,1.45,364.2296,368.2256,right,1,0.6374,,,,,,,,,stim/blank.png,stim/neutralRight.png,-1,right,0,,,,,,0,32,32,36,1,,,,,,,,,
1,,,2026-02-28_12h51.50.345,ant_ver113,2025.2.3,MacIntel,59.88023952,110287,110287,,,,,368.2258,369.7713,1.55,369.7715,373.7594,left,1,0.4013,,,,,,,,,stim/upper.png,stim/congLeft.png,1,left,0,,,,,,0,33,33,24,1,,,,,,,,,
1,,,2026-02-28_12h51.50.345,ant_ver113,2025.2.3,MacIntel,59.88023952,110287,110287,,,,,373.7596,374.2516,0.5,374.252,378.2509,right,1,0.6008,,,,,,,,,stim/blank.png,stim/neutralRight.png,1,right,0,,,,,,0,34,34,39,1,,,,,,,,,
1,,,2026-02-28_12h51.50.345,ant_ver113,2025.2.3,MacIntel,59.88023952,110287,110287,,,,,378.2511,379.042,0.8,379.0423,383.0336,left,1,0.578,,,,,,,,,stim/blank.png,stim/incongLeft.png,1,left,0,,,,,,0,35,35,20,1,,,,,,,,,
1,,,2026-02-28_12h51.50.345,ant_ver113,2025.2.3,MacIntel,59.88023952,110287,110287,,,,,383.0337,383.7879,0.75,383.7881,387.7797,left,0,0.3653,,,,,,,,,stim/upper.png,stim/incongRight.png,1,right,0,,,,,,0,36,36,11,1,,,,,,,,,
1,,,2026-02-28_12h51.50.345,ant_ver113,2025.2.3,MacIntel,59.88023952,110287,110287,,,,,387.78,388.8331,1.05,388.8334,392.8289,right,1,0.655,,,,,,,,,stim/blank.png,stim/congRight.png,-1,right,0,,,,,,0,37,37,18,1,,,,,,,,,
1,,,2026-02-28_12h51.50.345,ant_ver113,2025.2.3,MacIntel,59.88023952,110287,110287,,,,,392.8291,393.3198,0.5,393.3201,397.2968,left,1,0.5827,,,,,,,,,stim/blank.png,stim/congLeft.png,-1,left,0,,,,,,0,38,38,15,1,,,,,,,,,
1,,,2026-02-28_12h51.50.345,ant_ver113,2025.2.3,MacIntel,59.88023952,110287,110287,,,,,397.297,397.7356,0.45,397.7359,401.7238,left,1,0.8578,,,,,,,,,stim/both.png,stim/incongLeft.png,-1,left,0,,,,,,0,39,39,37,1,,,,,,,,,
1,,,2026-02-28_12h51.50.345,ant_ver113,2025.2.3,MacIntel,59.88023952,110287,110287,,,,,401.7239,403.2163,1.5,403.2165,407.2177,right,1,0.7836,,,,,,,,,stim/upper.png,stim/congRight.png,1,right,0,,,,,,0,40,40,30,1,,,,,,,,,
1,,,2026-02-28_12h51.50.345,ant_ver113,2025.2.3,MacIntel,59.88023952,110287,110287,,,,,407.2178,407.9208,0.7,407.9211,411.9138,left,1,0.3834,,,,,,,,,stim/centre.png,stim/incongLeft.png,-1,left,0,,,,,,0,41,41,21,1,,,,,,,,,
1,,,2026-02-28_12h51.50.345,ant_ver113,2025.2.3,MacIntel,59.88023952,110287,110287,,,,,411.914,412.6687,0.75,412.669,416.6596,right,1,0.8218,,,,,,,,,stim/both.png,stim/incongRight.png,1,right,0,,,,,,0,42,42,44,1,,,,,,,,,
1,,,2026-02-28_12h51.50.345,ant_ver113,2025.2.3,MacIntel,59.88023952,110287,110287,,,,,416.6598,417.801,1.15,417.8012,421.8048,left,1,0.7127,,,,,,,,,stim/both.png,stim/congLeft.png,1,left,0,,,,,,0,43,43,34,1,,,,,,,,,
1,,,2026-02-28_12h51.50.345,ant_ver113,2025.2.3,MacIntel,59.88023952,110287,110287,,,,,421.8051,422.9468,1.15,422.9471,426.9397,right,1,0.9841,,,,,,,,,stim/blank.png,stim/incongRight.png,-1,right,0,,,,,,0,44,44,7,1,,,,,,,,,
1,,,2026-02-28_12h51.50.345,ant_ver113,2025.2.3,MacIntel,59.88023952,110287,110287,,,,,426.9399,427.9939,1.05,427.9941,431.9888,left,1,0.6057,,,,,,,,,stim/both.png,stim/neutralLeft.png,-1,left,0,,,,,,0,45,45,17,1,,,,,,,,,
1,,,2026-02-28_12h51.50.345,ant_ver113,2025.2.3,MacIntel,59.88023952,110287,110287,,,,,431.9891,432.4287,0.45,432.4289,436.4175,left,1,0.7842,,,,,,,,,stim/centre.png,stim/neutralLeft.png,1,left,0,,,,,,0,46,46,22,1,,,,,,,,,
1,,,2026-02-28_12h51.50.345,ant_ver113,2025.2.3,MacIntel,59.88023952,110287,110287,,,,,436.4177,436.9098,0.5,436.9101,440.8971,left,1,0.7653,,,,,,,,,stim/centre.png,stim/congLeft.png,-1,left,0,,,,,,0,47,47,9,1,,,,,,,,,
1,,,2026-02-28_12h51.50.345,ant_ver113,2025.2.3,MacIntel,59.88023952,110287,110287,,,,,440.8973,441.9496,1.05,441.9499,445.9487,left,1,0.6206,,,,,,,,,stim/upper.png,stim/neutralLeft.png,1,left,0,,,,,,1,0,48,8,1,,,,,,,,,
1,,,2026-02-28_12h51.50.345,ant_ver113,2025.2.3,MacIntel,59.88023952,110287,110287,,,,,445.9489,446.8972,0.95,446.8973,450.889,left,0,0.4201,,,,,,,,,stim/both.png,stim/congRight.png,1,right,0,,,,,,1,1,49,47,1,,,,,,,,,
1,,,2026-02-28_12h51.50.345,ant_ver113,2025.2.3,MacIntel,59.88023952,110287,110287,,,,,450.8891,451.8379,0.95,451.8382,455.8278,right,1,0.7842,,,,,,,,,stim/centre.png,stim/incongRight.png,1,right,0,,,,,,1,2,50,26,1,,,,,,,,,
1,,,2026-02-28_12h51.50.345,ant_ver113,2025.2.3,MacIntel,59.88023952,110287,110287,,,,,455.8279,457.3731,1.55,457.3734,461.3762,left,1,0.5897,,,,,,,,,stim/both.png,stim/neutralLeft.png,-1,left,0,,,,,,1,3,51,17,1,,,,,,,,,
1,,,2026-02-28_12h51.50.345,ant_ver113,2025.2.3,MacIntel,59.88023952,110287,110287,,,,,461.3764,462.6759,1.3,462.6761,466.6758,left,1,0.6573,,,,,,,,,stim/blank.png,stim/congLeft.png,1,left,0,,,,,,1,4,52,6,1,,,,,,,,,
1,,,2026-02-28_12h51.50.345,ant_ver113,2025.2.3,MacIntel,59.88023952,110287,110287,,,,,466.676,468.0295,1.35,468.0297,472.0278,left,1,0.6025,,,,,,,,,stim/centre.png,stim/congLeft.png,1,left,0,,,,,,1,5,53,4,1,,,,,,,,,
1,,,2026-02-28_12h51.50.345,ant_ver113,2025.2.3,MacIntel,59.88023952,110287,110287,,,,,472.028,472.8183,0.8,472.8186,476.8229,left,1,0.6553,,,,,,,,,stim/lower.png,stim/congLeft.png,-1,left,0,,,,,,1,6,54,12,1,,,,,,,,,
1,,,2026-02-28_12h51.50.345,ant_ver113,2025.2.3,MacIntel,59.88023952,110287,110287,,,,,476.8231,477.5779,0.75,477.5781,481.571,left,0,0.1093,,,,,,,,,stim/lower.png,stim/congRight.png,-1,right,0,,,,,,1,7,55,43,1,,,,,,,,,
1,,,2026-02-28_12h51.50.345,ant_ver113,2025.2.3,MacIntel,59.88023952,110287,110287,,,,,481.5712,482.6244,1.05,482.6246,486.618,left,1,0.6007,,,,,,,,,stim/blank.png,stim/neutralLeft.png,-1,left,0,,,,,,1,8,56,32,1,,,,,,,,,
1,,,2026-02-28_12h51.50.345,ant_ver113,2025.2.3,MacIntel,59.88023952,110287,110287,,,,,486.6183,487.2159,0.6,487.2161,491.2141,right,1,0.6011,,,,,,,,,stim/blank.png,stim/neutralRight.png,-1,right,0,,,,,,1,9,57,36,1,,,,,,,,,
1,,,2026-02-28_12h51.50.345,ant_ver113,2025.2.3,MacIntel,59.88023952,110287,110287,,,,,491.2143,492.6184,1.4,492.6187,496.6227,left,1,0.7285,,,,,,,,,stim/blank.png,stim/incongLeft.png,1,left,0,,,,,,1,10,58,20,1,,,,,,,,,
1,,,2026-02-28_12h51.50.345,ant_ver113,2025.2.3,MacIntel,59.88023952,110287,110287,,,,,496.6228,498.0125,1.4,498.0127,502.0037,right,1,0.8938,,,,,,,,,stim/upper.png,stim/incongRight.png,1,right,0,,,,,,1,11,59,11,1,,,,,,,,,
1,,,2026-02-28_12h51.50.345,ant_ver113,2025.2.3,MacIntel,59.88023952,110287,110287,,,,,502.004,503.1465,1.15,503.1468,507.1407,right,1,0.7851,,,,,,,,,stim/lower.png,stim/incongRight.png,-1,right,0,,,,,,1,12,60,19,1,,,,,,,,,
1,,,2026-02-28_12h51.50.345,ant_ver113,2025.2.3,MacIntel,59.88023952,110287,110287,,,,,507.1409,507.5451,0.4,507.5453,511.5389,left,1,0.4381,,,,,,,,,stim/centre.png,stim/neutralLeft.png,1,left,0,,,,,,1,13,61,22,1,,,,,,,,,
1,,,2026-02-28_12h51.50.345,ant_ver113,2025.2.3,MacIntel,59.88023952,110287,110287,,,,,511.5391,512.2419,0.7,512.2421,516.2366,left,1,0.565,,,,,,,,,stim/both.png,stim/congLeft.png,-1,left,0,,,,,,1,14,62,5,1,,,,,,,,,
1,,,2026-02-28_12h51.50.345,ant_ver113,2025.2.3,MacIntel,59.88023952,110287,110287,,,,,516.2368,517.1334,0.9,517.1337,521.1311,left,1,0.6196,,,,,,,,,stim/upper.png,stim/incongLeft.png,1,left,0,,,,,,1,15,63,33,1,,,,,,,,,
1,,,2026-02-28_12h51.50.345,ant_ver113,2025.2.3,MacIntel,59.88023952,110287,110287,,,,,521.1312,522.5717,1.45,522.572,526.5721,left,1,0.6563,,,,,,,,,stim/lower.png,stim/neutralLeft.png,-1,left,0,,,,,,1,16,64,38,1,,,,,,,,,
1,,,2026-02-28_12h51.50.345,ant_ver113,2025.2.3,MacIntel,59.88023952,110287,110287,,,,,526.5724,527.5726,1,527.5728,531.5664,right,1,0.5661,,,,,,,,,stim/centre.png,stim/neutralRight.png,-1,right,0,,,,,,1,17,65,35,1,,,,,,,,,
1,,,2026-02-28_12h51.50.345,ant_ver113,2025.2.3,MacIntel,59.88023952,110287,110287,,,,,531.5666,532.7103,1.15,532.7105,536.7073,right,1,0.6009,,,,,,,,,stim/upper.png,stim/congRight.png,1,right,0,,,,,,1,18,66,30,1,,,,,,,,,
1,,,2026-02-28_12h51.50.345,ant_ver113,2025.2.3,MacIntel,59.88023952,110287,110287,,,,,536.7074,538.0949,1.4,538.0952,542.0855,right,1,0.9473,,,,,,,,,stim/blank.png,stim/incongRight.png,1,right,0,,,,,,1,19,67,40,1,,,,,,,,,
1,,,2026-02-28_12h51.50.345,ant_ver113,2025.2.3,MacIntel,59.88023952,110287,110287,,,,,542.0857,543.4368,1.35,543.437,547.4345,left,1,0.6737,,,,,,,,,stim/centre.png,stim/incongLeft.png,-1,left,0,,,,,,1,20,68,21,1,,,,,,,,,
1,,,2026-02-28_12h51.50.345,ant_ver113,2025.2.3,MacIntel,59.88023952,110287,110287,,,,,547.4346,548.8741,1.45,548.8744,552.8728,left,1,0.7285,,,,,,,,,stim/both.png,stim/incongLeft.png,-1,left,0,,,,,,1,21,69,37,1,,,,,,,,,
1,,,2026-02-28_12h51.50.345,ant_ver113,2025.2.3,MacIntel,59.88023952,110287,110287,,,,,552.8729,554.1725,1.3,554.1727,558.1702,left,1,0.5662,,,,,,,,,stim/both.png,stim/congLeft.png,1,left,0,,,,,,1,22,70,34,1,,,,,,,,,
1,,,2026-02-28_12h51.50.345,ant_ver113,2025.2.3,MacIntel,59.88023952,110287,110287,,,,,558.1704,558.8201,0.65,558.8203,562.8179,left,1,0.5654,,,,,,,,,stim/upper.png,stim/congLeft.png,1,left,0,,,,,,1,23,71,24,1,,,,,,,,,
1,,,2026-02-28_12h51.50.345,ant_ver113,2025.2.3,MacIntel,59.88023952,110287,110287,,,,,562.8182,563.7664,0.95,563.7667,567.7703,left,1,0.4911,,,,,,,,,stim/blank.png,stim/congLeft.png,-1,left,0,,,,,,1,24,72,15,1,,,,,,,,,
1,,,2026-02-28_12h51.50.345,ant_ver113,2025.2.3,MacIntel,59.88023952,110287,110287,,,,,567.7705,568.2094,0.45,568.2096,572.1986,right,1,0.911,,,,,,,,,stim/centre.png,stim/incongRight.png,-1,right,0,,,,,,1,25,73,25,1,,,,,,,,,
1,,,2026-02-28_12h51.50.345,ant_ver113,2025.2.3,MacIntel,59.88023952,110287,110287,,,,,572.1989,573.638,1.45,573.6382,577.6328,left,1,0.528,,,,,,,,,stim/centre.png,stim/neutralLeft.png,-1,left,0,,,,,,1,26,74,14,1,,,,,,,,,
1,,,2026-02-28_12h51.50.345,ant_ver113,2025.2.3,MacIntel,59.88023952,110287,110287,,,,,577.633,578.9314,1.3,578.9316,582.9356,right,1,0.7103,,,,,,,,,stim/blank.png,stim/neutralRight.png,1,right,0,,,,,,1,27,75,39,1,,,,,,,,,
1,,,2026-02-28_12h51.50.345,ant_ver113,2025.2.3,MacIntel,59.88023952,110287,110287,,,,,582.9359,584.1644,1.25,584.1647,588.1621,right,1,0.6378,,,,,,,,,stim/upper.png,stim/neutralRight.png,1,right,0,,,,,,1,28,76,27,1,,,,,,,,,
1,,,2026-02-28_12h51.50.345,ant_ver113,2025.2.3,MacIntel,59.88023952,110287,110287,,,,,588.1622,588.6535,0.5,588.6537,592.6551,right,1,0.7474,,,,,,,,,stim/blank.png,stim/congRight.png,1,right,0,,,,,,1,29,77,45,1,,,,,,,,,
1,,,2026-02-28_12h51.50.345,ant_ver113,2025.2.3,MacIntel,59.88023952,110287,110287,,,,,592.6554,593.7445,1.1,593.7447,597.735,left,1,0.4015,,,,,,,,,stim/both.png,stim/neutralLeft.png,1,left,0,,,,,,1,30,78,31,1,,,,,,,,,
1,,,2026-02-28_12h51.50.345,ant_ver113,2025.2.3,MacIntel,59.88023952,110287,110287,,,,,597.7352,598.7371,1,598.7373,602.7323,right,1,0.5285,,,,,,,,,stim/centre.png,stim/congRight.png,-1,right,0,,,,,,1,31,79,0,1,,,,,,,,,
1,,,2026-02-28_12h51.50.345,ant_ver113,2025.2.3,MacIntel,59.88023952,110287,110287,,,,,602.7325,604.0847,1.35,604.0849,608.0648,left,1,0.5479,,,,,,,,,stim/centre.png,stim/incongLeft.png,1,left,0,,,,,,1,32,80,46,1,,,,,,,,,
1,,,2026-02-28_12h51.50.345,ant_ver113,2025.2.3,MacIntel,59.88023952,110287,110287,,,,,608.065,609.6116,1.55,609.6118,613.601,right,1,0.7655,,,,,,,,,stim/both.png,stim/incongRight.png,-1,right,0,,,,,,1,33,81,3,1,,,,,,,,,
1,,,2026-02-28_12h51.50.345,ant_ver113,2025.2.3,MacIntel,59.88023952,110287,110287,,,,,613.6011,614.4983,0.9,614.4985,618.4909,right,1,0.8756,,,,,,,,,stim/centre.png,stim/neutralRight.png,1,right,0,,,,,,1,34,82,29,1,,,,,,,,,
1,,,2026-02-28_12h51.50.345,ant_ver113,2025.2.3,MacIntel,59.88023952,110287,110287,,,,,618.4911,620.0372,1.55,620.0374,624.037,left,1,0.6375,,,,,,,,,stim/lower.png,stim/incongLeft.png,-1,left,0,,,,,,1,35,83,10,1,,,,,,,,,
1,,,2026-02-28_12h51.50.345,ant_ver113,2025.2.3,MacIntel,59.88023952,110287,110287,,,,,624.0372,625.3374,1.3,625.3377,629.331,right,1,0.4736,,,,,,,,,stim/lower.png,stim/neutralRight.png,-1,right,0,,,,,,1,36,84,28,1,,,,,,,,,
1,,,2026-02-28_12h51.50.345,ant_ver113,2025.2.3,MacIntel,59.88023952,110287,110287,,,,,629.3311,630.1742,0.85,630.1745,634.1684,right,1,1.0567,,,,,,,,,stim/blank.png,stim/incongRight.png,-1,right,0,,,,,,1,37,85,7,1,,,,,,,,,
1,,,2026-02-28_12h51.50.345,ant_ver113,2025.2.3,MacIntel,59.88023952,110287,110287,,,,,634.1686,635.2574,1.1,635.2576,639.2506,left,1,1.0383,,,,,,,,,stim/blank.png,stim/neutralLeft.png,1,left,0,,,,,,1,38,86,42,1,,,,,,,,,
1,,,2026-02-28_12h51.50.345,ant_ver113,2025.2.3,MacIntel,59.88023952,110287,110287,,,,,639.2508,639.8478,0.6,639.8479,643.843,right,1,0.6197,,,,,,,,,stim/both.png,stim/incongRight.png,1,right,0,,,,,,1,39,87,44,1,,,,,,,,,
1,,,2026-02-28_12h51.50.345,ant_ver113,2025.2.3,MacIntel,59.88023952,110287,110287,,,,,643.8432,644.2467,0.4,644.2469,648.2433,right,1,0.655,,,,,,,,,stim/blank.png,stim/congRight.png,-1,right,0,,,,,,1,40,88,18,1,,,,,,,,,
1,,,2026-02-28_12h51.50.345,ant_ver113,2025.2.3,MacIntel,59.88023952,110287,110287,,,,,648.2434,648.841,0.6,648.8413,652.8333,right,1,0.547,,,,,,,,,stim/both.png,stim/neutralRight.png,1,right,0,,,,,,1,41,89,23,1,,,,,,,,,
1,,,2026-02-28_12h51.50.345,ant_ver113,2025.2.3,MacIntel,59.88023952,110287,110287,,,,,652.8335,653.7292,0.9,653.7294,657.722,right,1,0.5468,,,,,,,,,stim/both.png,stim/neutralRight.png,-1,right,0,,,,,,1,42,90,41,1,,,,,,,,,
1,,,2026-02-28_12h51.50.345,ant_ver113,2025.2.3,MacIntel,59.88023952,110287,110287,,,,,657.7221,658.3719,0.65,658.3722,662.3685,left,1,0.6221,,,,,,,,,stim/blank.png,stim/incongLeft.png,-1,left,0,,,,,,1,43,91,16,1,,,,,,,,,
1,,,2026-02-28_12h51.50.345,ant_ver113,2025.2.3,MacIntel,59.88023952,110287,110287,,,,,662.3687,662.8081,0.45,662.8083,666.8093,right,1,0.8004,,,,,,,,,stim/both.png,stim/congRight.png,-1,right,0,,,,,,1,44,92,13,1,,,,,,,,,
1,,,2026-02-28_12h51.50.345,ant_ver113,2025.2.3,MacIntel,59.88023952,110287,110287,,,,,666.8094,668.1079,1.3,668.1081,672.1102,right,1,0.6201,,,,,,,,,stim/centre.png,stim/congRight.png,1,right,0,,,,,,1,45,93,2,1,,,,,,,,,
1,,,2026-02-28_12h51.50.345,ant_ver113,2025.2.3,MacIntel,59.88023952,110287,110287,,,,,672.1104,672.6536,0.55,672.6539,676.6459,,0,,,,,,,,,,stim/centre.png,stim/congLeft.png,-1,left,0,,,,,,1,46,94,9,1,,,,,,,,,
1,,,2026-02-28_12h51.50.345,ant_ver113,2025.2.3,MacIntel,59.88023952,110287,110287,,,,,676.6461,677.6408,1,677.641,681.6375,left,1,0.8803,,,,,,,,,stim/both.png,stim/incongLeft.png,1,left,0,,,,,,1,47,95,1,1,,,,,,,,,
1,,,2026-02-28_12h51.50.345,ant_ver113,2025.2.3,MacIntel,59.88023952,110287,110287,,,,,,,,,,,,,,,,,,,,,,,,,,,,,,,,,,,,681.6387,738.6726,0,0,0,0,1,,
1,,,2026-02-28_12h51.50.345,ant_ver113,2025.2.3,MacIntel,59.88023952,110287,110287,,,,,738.6776,739.0647,0.4,739.0649,743.0598,,0,,,,,,,,,,stim/upper.png,stim/neutralRight.png,1,right,0,,,,,,0,0,0,27,1,,,,,,,,,
1,,,2026-02-28_12h51.50.345,ant_ver113,2025.2.3,MacIntel,59.88023952,110287,110287,,,,,743.06,743.5493,0.5,743.5495,747.5463,right,1,0.4922,,,,,,,,,stim/both.png,stim/neutralRight.png,1,right,0,,,,,,0,1,1,23,1,,,,,,,,,
1,,,2026-02-28_12h51.50.345,ant_ver113,2025.2.3,MacIntel,59.88023952,110287,110287,,,,,747.5464,748.4411,0.9,748.4412,752.4363,left,1,0.5479,,,,,,,,,stim/upper.png,stim/incongLeft.png,1,left,0,,,,,,0,2,2,33,1,,,,,,,,,
1,,,2026-02-28_12h51.50.345,ant_ver113,2025.2.3,MacIntel,59.88023952,110287,110287,,,,,752.4366,753.4906,1.05,753.4909,757.4871,right,1,0.5649,,,,,,,,,stim/centre.png,stim/neutralRight.png,-1,right,0,,,,,,0,3,3,35,1,,,,,,,,,
1,,,2026-02-28_12h51.50.345,ant_ver113,2025.2.3,MacIntel,59.88023952,110287,110287,,,,,757.4873,758.0328,0.55,758.0331,762.0314,right,1,0.5659,,,,,,,,,stim/blank.png,stim/neutralRight.png,-1,right,0,,,,,,0,4,4,36,1,,,,,,,,,
1,,,2026-02-28_12h51.50.345,ant_ver113,2025.2.3,MacIntel,59.88023952,110287,110287,,,,,762.0315,763.5761,1.55,763.5764,767.5664,left,0,0.4011,,,,,,,,,stim/centre.png,stim/incongRight.png,-1,right,0,,,,,,0,5,5,25,1,,,,,,,,,
1,,,2026-02-28_12h51.50.345,ant_ver113,2025.2.3,MacIntel,59.88023952,110287,110287,,,,,767.5665,769.0065,1.45,769.0068,772.9815,right,1,0.4917,,,,,,,,,stim/blank.png,stim/congRight.png,-1,right,0,,,,,,0,6,6,18,1,,,,,,,,,
1,,,2026-02-28_12h51.50.345,ant_ver113,2025.2.3,MacIntel,59.88023952,110287,110287,,,,,772.9818,774.1767,1.2,774.177,778.1705,right,1,0.4742,,,,,,,,,stim/lower.png,stim/congRight.png,-1,right,0,,,,,,0,7,7,43,1,,,,,,,,,
1,,,2026-02-28_12h51.50.345,ant_ver113,2025.2.3,MacIntel,59.88023952,110287,110287,,,,,778.1707,778.7682,0.6,778.7684,782.7486,right,1,0.6383,,,,,,,,,stim/blank.png,stim/neutralRight.png,1,right,0,,,,,,0,8,8,39,1,,,,,,,,,
1,,,2026-02-28_12h51.50.345,ant_ver113,2025.2.3,MacIntel,59.88023952,110287,110287,,,,,782.7487,784.193,1.45,784.1932,788.1836,left,1,0.5611,,,,,,,,,stim/centre.png,stim/neutralLeft.png,-1,left,0,,,,,,0,9,9,14,1,,,,,,,,,
1,,,2026-02-28_12h51.50.345,ant_ver113,2025.2.3,MacIntel,59.88023952,110287,110287,,,,,788.1838,788.9389,0.75,788.9392,792.9334,right,1,0.8047,,,,,,,,,stim/blank.png,stim/incongRight.png,1,right,0,,,,,,0,10,10,40,1,,,,,,,,,
1,,,2026-02-28_12h51.50.345,ant_ver113,2025.2.3,MacIntel,59.88023952,110287,110287,,,,,792.9336,794.1805,1.25,794.1807,798.1847,right,1,0.7104,,,,,,,,,stim/upper.png,stim/incongRight.png,1,right,0,,,,,,0,11,11,11,1,,,,,,,,,
1,,,2026-02-28_12h51.50.345,ant_ver113,2025.2.3,MacIntel,59.88023952,110287,110287,,,,,798.185,799.4838,1.3,799.484,803.4664,right,1,0.6369,,,,,,,,,stim/both.png,stim/incongRight.png,1,right,0,,,,,,0,12,12,44,1,,,,,,,,,
1,,,2026-02-28_12h51.50.345,ant_ver113,2025.2.3,MacIntel,59.88023952,110287,110287,,,,,803.4666,804.6229,1.15,804.6231,808.6141,left,1,0.5798,,,,,,,,,stim/lower.png,stim/incongLeft.png,-1,left,0,,,,,,0,13,13,10,1,,,,,,,,,
1,,,2026-02-28_12h51.50.345,ant_ver113,2025.2.3,MacIntel,59.88023952,110287,110287,,,,,808.6142,809.4033,0.8,809.4035,813.3928,left,1,0.5642,,,,,,,,,stim/both.png,stim/neutralLeft.png,-1,left,0,,,,,,0,14,14,17,1,,,,,,,,,
1,,,2026-02-28_12h51.50.345,ant_ver113,2025.2.3,MacIntel,59.88023952,110287,110287,,,,,813.393,813.8842,0.5,813.8844,817.8829,right,1,0.747,,,,,,,,,stim/centre.png,stim/incongRight.png,1,right,0,,,,,,0,15,15,26,1,,,,,,,,,
1,,,2026-02-28_12h51.50.345,ant_ver113,2025.2.3,MacIntel,59.88023952,110287,110287,,,,,817.8831,818.7775,0.9,818.7776,822.7664,left,1,0.528,,,,,,,,,stim/blank.png,stim/neutralLeft.png,1,left,0,,,,,,0,16,16,42,1,,,,,,,,,
1,,,2026-02-28_12h51.50.345,ant_ver113,2025.2.3,MacIntel,59.88023952,110287,110287,,,,,822.7666,823.1696,0.4,823.1698,827.1642,left,1,0.6552,,,,,,,,,stim/centre.png,stim/incongLeft.png,-1,left,0,,,,,,0,17,17,21,1,,,,,,,,,
1,,,2026-02-28_12h51.50.345,ant_ver113,2025.2.3,MacIntel,59.88023952,110287,110287,,,,,827.1644,827.8146,0.65,827.8148,831.8139,left,1,0.5664,,,,,,,,,stim/both.png,stim/neutralLeft.png,1,left,0,,,,,,0,18,18,31,1,,,,,,,,,
1,,,2026-02-28_12h51.50.345,ant_ver113,2025.2.3,MacIntel,59.88023952,110287,110287,,,,,831.8141,833.1141,1.3,833.1142,837.1107,left,1,0.5654,,,,,,,,,stim/centre.png,stim/congLeft.png,-1,left,0,,,,,,0,19,19,9,1,,,,,,,,,
1,,,2026-02-28_12h51.50.345,ant_ver113,2025.2.3,MacIntel,59.88023952,110287,110287,,,,,837.111,838.551,1.45,838.5511,842.5409,left,1,0.4554,,,,,,,,,stim/blank.png,stim/congLeft.png,-1,left,0,,,,,,0,20,20,15,1,,,,,,,,,
1,,,2026-02-28_12h51.50.345,ant_ver113,2025.2.3,MacIntel,59.88023952,110287,110287,,,,,842.5412,843.631,1.1,843.6313,847.6279,right,1,0.5647,,,,,,,,,stim/both.png,stim/congRight.png,1,right,0,,,,,,0,21,21,47,1,,,,,,,,,
1,,,2026-02-28_12h51.50.345,ant_ver113,2025.2.3,MacIntel,59.88023952,110287,110287,,,,,847.6281,848.1203,0.5,848.1206,852.1174,left,1,0.458,,,,,,,,,stim/both.png,stim/congLeft.png,1,left,0,,,,,,0,22,22,34,1,,,,,,,,,
1,,,2026-02-28_12h51.50.345,ant_ver113,2025.2.3,MacIntel,59.88023952,110287,110287,,,,,852.1177,852.7686,0.65,852.7689,856.7641,left,1,0.474,,,,,,,,,stim/upper.png,stim/congLeft.png,1,left,0,,,,,,0,23,23,24,1,,,,,,,,,
1,,,2026-02-28_12h51.50.345,ant_ver113,2025.2.3,MacIntel,59.88023952,110287,110287,,,,,856.7641,857.2555,0.5,857.2557,861.2591,right,1,0.8378,,,,,,,,,stim/both.png,stim/incongRight.png,-1,right,0,,,,,,0,24,24,3,1,,,,,,,,,
1,,,2026-02-28_12h51.50.345,ant_ver113,2025.2.3,MacIntel,59.88023952,110287,110287,,,,,861.2594,862.5591,1.3,862.5594,866.5562,right,0,0.5283,,,,,,,,,stim/centre.png,stim/incongLeft.png,1,left,0,,,,,,0,25,25,46,1,,,,,,,,,
1,,,2026-02-28_12h51.50.345,ant_ver113,2025.2.3,MacIntel,59.88023952,110287,110287,,,,,866.5564,867.0494,0.5,867.0495,871.0424,right,1,0.5281,,,,,,,,,stim/upper.png,stim/congRight.png,1,right,0,,,,,,0,26,26,30,1,,,,,,,,,
1,,,2026-02-28_12h51.50.345,ant_ver113,2025.2.3,MacIntel,59.88023952,110287,110287,,,,,871.0427,871.5343,0.5,871.5345,875.5309,left,1,0.6013,,,,,,,,,stim/upper.png,stim/neutralLeft.png,1,left,0,,,,,,0,27,27,8,1,,,,,,,,,
1,,,2026-02-28_12h51.50.345,ant_ver113,2025.2.3,MacIntel,59.88023952,110287,110287,,,,,875.5311,876.7236,1.2,876.7239,880.7249,left,1,0.5476,,,,,,,,,stim/centre.png,stim/congLeft.png,1,left,0,,,,,,0,28,28,4,1,,,,,,,,,
1,,,2026-02-28_12h51.50.345,ant_ver113,2025.2.3,MacIntel,59.88023952,110287,110287,,,,,880.7252,881.9725,1.25,881.9727,885.9474,right,1,0.546,,,,,,,,,stim/lower.png,stim/neutralRight.png,-1,right,0,,,,,,0,29,29,28,1,,,,,,,,,
1,,,2026-02-28_12h51.50.345,ant_ver113,2025.2.3,MacIntel,59.88023952,110287,110287,,,,,885.9476,886.4392,0.5,886.4395,890.4351,right,1,0.5839,,,,,,,,,stim/centre.png,stim/congRight.png,1,right,0,,,,,,0,30,30,2,1,,,,,,,,,
1,,,2026-02-28_12h51.50.345,ant_ver113,2025.2.3,MacIntel,59.88023952,110287,110287,,,,,890.4353,891.8237,1.4,891.824,895.8154,left,1,0.4548,,,,,,,,,stim/both.png,stim/congLeft.png,-1,left,0,,,,,,0,31,31,5,1,,,,,,,,,
1,,,2026-02-28_12h51.50.345,ant_ver113,2025.2.3,MacIntel,59.88023952,110287,110287,,,,,895.8155,896.7639,0.95,896.764,900.7632,right,1,0.9011,,,,,,,,,stim/blank.png,stim/incongRight.png,-1,right,0,,,,,,0,32,32,7,1,,,,,,,,,
1,,,2026-02-28_12h51.50.345,ant_ver113,2025.2.3,MacIntel,59.88023952,110287,110287,,,,,900.7636,902.0111,1.25,902.0114,906.0114,left,1,0.5833,,,,,,,,,stim/both.png,stim/incongLeft.png,-1,left,0,,,,,,0,33,33,37,1,,,,,,,,,
1,,,2026-02-28_12h51.50.345,ant_ver113,2025.2.3,MacIntel,59.88023952,110287,110287,,,,,906.0115,907.3643,1.35,907.3646,911.3626,left,1,0.6195,,,,,,,,,stim/blank.png,stim/congLeft.png,1,left,0,,,,,,0,34,34,6,1,,,,,,,,,
1,,,2026-02-28_12h51.50.345,ant_ver113,2025.2.3,MacIntel,59.88023952,110287,110287,,,,,911.3627,912.7158,1.35,912.716,916.7106,left,1,0.5285,,,,,,,,,stim/centre.png,stim/neutralLeft.png,1,left,0,,,,,,0,35,35,22,1,,,,,,,,,
1,,,2026-02-28_12h51.50.345,ant_ver113,2025.2.3,MacIntel,59.88023952,110287,110287,,,,,916.7108,918.0978,1.4,918.098,922.0856,right,1,0.3823,,,,,,,,,stim/centre.png,stim/congRight.png,-1,right,0,,,,,,0,36,36,0,1,,,,,,,,,
1,,,2026-02-28_12h51.50.345,ant_ver113,2025.2.3,MacIntel,59.88023952,110287,110287,,,,,922.0858,922.8766,0.8,922.8768,926.8685,right,1,0.4566,,,,,,,,,stim/blank.png,stim/congRight.png,1,right,0,,,,,,0,37,37,45,1,,,,,,,,,
1,,,2026-02-28_12h51.50.345,ant_ver113,2025.2.3,MacIntel,59.88023952,110287,110287,,,,,926.8688,927.7121,0.85,927.7124,931.7002,left,1,0.3459,,,,,,,,,stim/lower.png,stim/neutralLeft.png,-1,left,0,,,,,,0,38,38,38,1,,,,,,,,,
1,,,2026-02-28_12h51.50.345,ant_ver113,2025.2.3,MacIntel,59.88023952,110287,110287,,,,,931.7005,932.7894,1.1,932.7897,936.7818,right,1,0.4923,,,,,,,,,stim/centre.png,stim/neutralRight.png,1,right,0,,,,,,0,39,39,29,1,,,,,,,,,
1,,,2026-02-28_12h51.50.345,ant_ver113,2025.2.3,MacIntel,59.88023952,110287,110287,,,,,936.782,937.3798,0.6,937.38,941.3826,right,1,0.6735,,,,,,,,,stim/lower.png,stim/incongRight.png,-1,right,0,,,,,,0,40,40,19,1,,,,,,,,,
1,,,2026-02-28_12h51.50.345,ant_ver113,2025.2.3,MacIntel,59.88023952,110287,110287,,,,,941.3828,942.4358,1.05,942.436,946.4282,left,1,0.4732,,,,,,,,,stim/blank.png,stim/neutralLeft.png,-1,left,0,,,,,,0,41,41,32,1,,,,,,,,,
1,,,2026-02-28_12h51.50.345,ant_ver113,2025.2.3,MacIntel,59.88023952,110287,110287,,,,,946.4283,946.9731,0.55,946.9733,950.9696,right,0,0.4932,,,,,,,,,stim/blank.png,stim/incongLeft.png,-1,left,0,,,,,,0,42,42,16,1,,,,,,,,,
1,,,2026-02-28_12h51.50.345,ant_ver113,2025.2.3,MacIntel,59.88023952,110287,110287,,,,,950.9697,952.1123,1.15,952.1125,956.1077,right,0,0.4383,,,,,,,,,stim/both.png,stim/incongLeft.png,1,left,0,,,,,,0,43,43,1,1,,,,,,,,,
1,,,2026-02-28_12h51.50.345,ant_ver113,2025.2.3,MacIntel,59.88023952,110287,110287,,,,,956.1079,956.7576,0.65,956.7578,960.7536,left,1,0.5653,,,,,,,,,stim/blank.png,stim/incongLeft.png,1,left,0,,,,,,0,44,44,20,1,,,,,,,,,
1,,,2026-02-28_12h51.50.345,ant_ver113,2025.2.3,MacIntel,59.88023952,110287,110287,,,,,960.7537,961.3006,0.55,961.3009,965.3035,right,1,0.4552,,,,,,,,,stim/both.png,stim/neutralRight.png,-1,right,0,,,,,,0,45,45,41,1,,,,,,,,,
1,,,2026-02-28_12h51.50.345,ant_ver113,2025.2.3,MacIntel,59.88023952,110287,110287,,,,,965.3037,966.3577,1.05,966.3579,970.3523,right,1,0.5468,,,,,,,,,stim/both.png,stim/congRight.png,-1,right,0,,,,,,0,46,46,13,1,,,,,,,,,
1,,,2026-02-28_12h51.50.345,ant_ver113,2025.2.3,MacIntel,59.88023952,110287,110287,,,,,970.3525,971.6521,1.3,971.6524,975.6435,left,1,0.4908,,,,,,,,,stim/lower.png,stim/congLeft.png,-1,left,0,,,,,,0,47,47,12,1,,,,,,,,,
1,,,2026-02-28_12h51.50.345,ant_ver113,2025.2.3,MacIntel,59.88023952,110287,110287,,,,,975.6437,976.9426,1.3,976.9428,980.9459,right,1,0.3903,,,,,,,,,stim/both.png,stim/congRight.png,-1,right,0,,,,,,1,0,48,13,1,,,,,,,,,
1,,,2026-02-28_12h51.50.345,ant_ver113,2025.2.3,MacIntel,59.88023952,110287,110287,,,,,980.9461,981.9308,1,981.931,985.9271,left,0,0.4384,,,,,,,,,stim/both.png,stim/incongRight.png,-1,right,0,,,,,,1,1,49,3,1,,,,,,,,,
1,,,2026-02-28_12h51.50.345,ant_ver113,2025.2.3,MacIntel,59.88023952,110287,110287,,,,,985.9272,986.5766,0.65,986.5768,990.5772,,0,,,,,,,,,,stim/blank.png,stim/incongRight.png,1,right,0,,,,,,1,2,50,40,1,,,,,,,,,
1,,,2026-02-28_12h51.50.345,ant_ver113,2025.2.3,MacIntel,59.88023952,110287,110287,,,,,990.5774,991.2278,0.65,991.2279,995.2281,right,1,0.657,,,,,,,,,stim/upper.png,stim/congRight.png,1,right,0,,,,,,1,3,51,30,1,,,,,,,,,
1,,,2026-02-28_12h51.50.345,ant_ver113,2025.2.3,MacIntel,59.88023952,110287,110287,,,,,995.2282,996.3174,1.1,996.3177,1000.2974,right,1,0.5844,,,,,,,,,stim/upper.png,stim/neutralRight.png,1,right,0,,,,,,1,4,52,27,1,,,,,,,,,
1,,,2026-02-28_12h51.50.345,ant_ver113,2025.2.3,MacIntel,59.88023952,110287,110287,,,,,1000.2976,1000.7903,0.5,1000.7905,1004.7896,left,1,0.6742,,,,,,,,,stim/centre.png,stim/congLeft.png,-1,left,0,,,,,,1,5,53,9,1,,,,,,,,,
1,,,2026-02-28_12h51.50.345,ant_ver113,2025.2.3,MacIntel,59.88023952,110287,110287,,,,,1004.7898,1005.2298,0.45,1005.23,1009.2308,left,1,1.0957,,,,,,,,,stim/blank.png,stim/incongLeft.png,1,left,0,,,,,,1,6,54,20,1,,,,,,,,,
1,,,2026-02-28_12h51.50.345,ant_ver113,2025.2.3,MacIntel,59.88023952,110287,110287,,,,,1009.2309,1010.3209,1.1,1010.3212,1014.2972,left,1,0.528,,,,,,,,,stim/both.png,stim/neutralLeft.png,-1,left,0,,,,,,1,7,55,17,1,,,,,,,,,
1,,,2026-02-28_12h51.50.345,ant_ver113,2025.2.3,MacIntel,59.88023952,110287,110287,,,,,1014.2973,1014.8943,0.6,1014.8945,1018.888,left,1,0.4368,,,,,,,,,stim/both.png,stim/congLeft.png,-1,left,0,,,,,,1,8,56,5,1,,,,,,,,,
1,,,2026-02-28_12h51.50.345,ant_ver113,2025.2.3,MacIntel,59.88023952,110287,110287,,,,,1018.8883,1019.8888,1,1019.889,1023.8884,right,1,0.6924,,,,,,,,,stim/centre.png,stim/neutralRight.png,-1,right,0,,,,,,1,9,57,35,1,,,,,,,,,
1,,,2026-02-28_12h51.50.345,ant_ver113,2025.2.3,MacIntel,59.88023952,110287,110287,,,,,1023.8886,1024.7847,0.9,1024.785,1028.7861,left,1,0.7467,,,,,,,,,stim/blank.png,stim/incongLeft.png,-1,left,0,,,,,,1,10,58,16,1,,,,,,,,,
1,,,2026-02-28_12h51.50.345,ant_ver113,2025.2.3,MacIntel,59.88023952,110287,110287,,,,,1028.7863,1029.7893,1,1029.7894,1033.778,left,1,0.536,,,,,,,,,stim/centre.png,stim/neutralLeft.png,-1,left,0,,,,,,1,11,59,14,1,,,,,,,,,
1,,,2026-02-28_12h51.50.345,ant_ver113,2025.2.3,MacIntel,59.88023952,110287,110287,,,,,1033.7781,1034.9204,1.15,1034.9206,1038.9209,left,1,0.6931,,,,,,,,,stim/both.png,stim/neutralLeft.png,1,left,0,,,,,,1,12,60,31,1,,,,,,,,,
1,,,2026-02-28_12h51.50.345,ant_ver113,2025.2.3,MacIntel,59.88023952,110287,110287,,,,,1038.9211,1040.3623,1.45,1040.3624,1044.3533,right,1,0.3828,,,,,,,,,stim/centre.png,stim/congRight.png,1,right,0,,,,,,1,13,61,2,1,,,,,,,,,
1,,,2026-02-28_12h51.50.345,ant_ver113,2025.2.3,MacIntel,59.88023952,110287,110287,,,,,1044.3535,1045.6006,1.25,1045.6008,1049.5908,left,1,0.8936,,,,,,,,,stim/blank.png,stim/neutralLeft.png,1,left,0,,,,,,1,14,62,42,1,,,,,,,,,
1,,,2026-02-28_12h51.50.345,ant_ver113,2025.2.3,MacIntel,59.88023952,110287,110287,,,,,1049.5909,1051.0321,1.45,1051.0322,1055.0261,left,0,0.5102,,,,,,,,,stim/centre.png,stim/congRight.png,-1,right,0,,,,,,1,15,63,0,1,,,,,,,,,
1,,,2026-02-28_12h51.50.345,ant_ver113,2025.2.3,MacIntel,59.88023952,110287,110287,,,,,1055.0264,1056.3789,1.35,1056.3791,1060.3744,left,1,0.5461,,,,,,,,,stim/blank.png,stim/congLeft.png,-1,left,0,,,,,,1,16,64,15,1,,,,,,,,,
1,,,2026-02-28_12h51.50.345,ant_ver113,2025.2.3,MacIntel,59.88023952,110287,110287,,,,,1060.3746,1061.7133,1.35,1061.7135,1065.7106,right,0,0.4014,,,,,,,,,stim/centre.png,stim/neutralLeft.png,1,left,0,,,,,,1,17,65,22,1,,,,,,,,,
1,,,2026-02-28_12h51.50.345,ant_ver113,2025.2.3,MacIntel,59.88023952,110287,110287,,,,,1065.7108,1066.4142,0.7,1066.4144,1070.4024,left,1,0.6936,,,,,,,,,stim/centre.png,stim/incongLeft.png,1,left,0,,,,,,1,18,66,46,1,,,,,,,,,
1,,,2026-02-28_12h51.50.345,ant_ver113,2025.2.3,MacIntel,59.88023952,110287,110287,,,,,1070.4026,1071.1938,0.8,1071.194,1075.19,right,1,0.9674,,,,,,,,,stim/blank.png,stim/incongRight.png,-1,right,0,,,,,,1,19,67,7,1,,,,,,,,,
1,,,2026-02-28_12h51.50.345,ant_ver113,2025.2.3,MacIntel,59.88023952,110287,110287,,,,,1075.1902,1076.0343,0.85,1076.0345,1080.036,right,1,0.6558,,,,,,,,,stim/lower.png,stim/incongRight.png,-1,right,0,,,,,,1,20,68,19,1,,,,,,,,,
1,,,2026-02-28_12h51.50.345,ant_ver113,2025.2.3,MacIntel,59.88023952,110287,110287,,,,,1080.0361,1081.0382,1,1081.0384,1085.0393,left,1,0.6215,,,,,,,,,stim/upper.png,stim/incongLeft.png,1,left,0,,,,,,1,21,69,33,1,,,,,,,,,
1,,,2026-02-28_12h51.50.345,ant_ver113,2025.2.3,MacIntel,59.88023952,110287,110287,,,,,1085.0395,1086.1302,1.1,1086.1305,1090.1142,right,1,0.584,,,,,,,,,stim/lower.png,stim/congRight.png,-1,right,0,,,,,,1,22,70,43,1,,,,,,,,,
1,,,2026-02-28_12h51.50.345,ant_ver113,2025.2.3,MacIntel,59.88023952,110287,110287,,,,,1090.1145,1091.454,1.35,1091.4543,1095.4534,left,1,0.5836,,,,,,,,,stim/lower.png,stim/neutralLeft.png,-1,left,0,,,,,,1,23,71,38,1,,,,,,,,,
1,,,2026-02-28_12h51.50.345,ant_ver113,2025.2.3,MacIntel,59.88023952,110287,110287,,,,,1095.4536,1096.5439,1.1,1096.5441,1100.5319,right,1,0.7124,,,,,,,,,stim/blank.png,stim/neutralRight.png,1,right,0,,,,,,1,24,72,39,1,,,,,,,,,
1,,,2026-02-28_12h51.50.345,ant_ver113,2025.2.3,MacIntel,59.88023952,110287,110287,,,,,1100.5322,1101.8858,1.35,1101.886,1105.8837,right,1,1.0572,,,,,,,,,stim/centre.png,stim/incongRight.png,-1,right,0,,,,,,1,25,73,25,1,,,,,,,,,
1,,,2026-02-28_12h51.50.345,ant_ver113,2025.2.3,MacIntel,59.88023952,110287,110287,,,,,1105.884,1106.3762,0.5,1106.3765,1110.3773,left,1,1.1308,,,,,,,,,stim/both.png,stim/incongLeft.png,1,left,0,,,,,,1,26,74,1,1,,,,,,,,,
1,,,2026-02-28_12h51.50.345,ant_ver113,2025.2.3,MacIntel,59.88023952,110287,110287,,,,,1110.3775,1111.4674,1.1,1111.4676,1115.464,right,1,0.5294,,,,,,,,,stim/both.png,stim/neutralRight.png,1,right,0,,,,,,1,27,75,23,1,,,,,,,,,
1,,,2026-02-28_12h51.50.345,ant_ver113,2025.2.3,MacIntel,59.88023952,110287,110287,,,,,1115.4643,1116.4655,1,1116.4657,1120.4708,right,1,0.6392,,,,,,,,,stim/blank.png,stim/congRight.png,1,right,0,,,,,,1,28,76,45,1,,,,,,,,,
1,,,2026-02-28_12h51.50.345,ant_ver113,2025.2.3,MacIntel,59.88023952,110287,110287,,,,,1120.471,1121.5094,1.05,1121.5096,1125.5081,left,0,0.4938,,,,,,,,,stim/centre.png,stim/incongRight.png,1,right,0,,,,,,1,29,77,26,1,,,,,,,,,
1,,,2026-02-28_12h51.50.345,ant_ver113,2025.2.3,MacIntel,59.88023952,110287,110287,,,,,1125.5083,1126.7577,1.25,1126.7578,1130.7607,left,1,0.6389,,,,,,,,,stim/lower.png,stim/congLeft.png,-1,left,0,,,,,,1,30,78,12,1,,,,,,,,,
1,,,2026-02-28_12h51.50.345,ant_ver113,2025.2.3,MacIntel,59.88023952,110287,110287,,,,,1130.7609,1132.2552,1.5,1132.2554,1136.2555,left,1,0.5663,,,,,,,,,stim/centre.png,stim/congLeft.png,1,left,0,,,,,,1,31,79,4,1,,,,,,,,,
1,,,2026-02-28_12h51.50.345,ant_ver113,2025.2.3,MacIntel,59.88023952,110287,110287,,,,,1136.2556,1136.9072,0.65,1136.9073,1140.9053,left,1,1.0754,,,,,,,,,stim/both.png,stim/incongLeft.png,-1,left,0,,,,,,1,32,80,37,1,,,,,,,,,
1,,,2026-02-28_12h51.50.345,ant_ver113,2025.2.3,MacIntel,59.88023952,110287,110287,,,,,1140.9055,1141.3978,0.5,1141.3981,1145.3804,left,1,0.6026,,,,,,,,,stim/upper.png,stim/congLeft.png,1,left,0,,,,,,1,33,81,24,1,,,,,,,,,
1,,,2026-02-28_12h51.50.345,ant_ver113,2025.2.3,MacIntel,59.88023952,110287,110287,,,,,1145.3806,1145.9782,0.6,1145.9784,1149.9807,right,1,0.6748,,,,,,,,,stim/upper.png,stim/incongRight.png,1,right,0,,,,,,1,34,82,11,1,,,,,,,,,
1,,,2026-02-28_12h51.50.345,ant_ver113,2025.2.3,MacIntel,59.88023952,110287,110287,,,,,1149.9809,1150.8248,0.85,1150.825,1154.8178,left,1,0.4743,,,,,,,,,stim/blank.png,stim/congLeft.png,1,left,0,,,,,,1,35,83,6,1,,,,,,,,,
1,,,2026-02-28_12h51.50.345,ant_ver113,2025.2.3,MacIntel,59.88023952,110287,110287,,,,,1154.818,1155.4155,0.6,1155.4157,1159.4188,right,1,0.8933,,,,,,,,,stim/both.png,stim/incongRight.png,1,right,0,,,,,,1,36,84,44,1,,,,,,,,,
1,,,2026-02-28_12h51.50.345,ant_ver113,2025.2.3,MacIntel,59.88023952,110287,110287,,,,,1159.419,1160.562,1.15,1160.5622,1164.5533,left,1,0.5097,,,,,,,,,stim/blank.png,stim/neutralLeft.png,-1,left,0,,,,,,1,37,85,32,1,,,,,,,,,
1,,,2026-02-28_12h51.50.345,ant_ver113,2025.2.3,MacIntel,59.88023952,110287,110287,,,,,1164.5536,1165.4002,0.85,1165.4005,1169.3965,left,1,0.5826,,,,,,,,,stim/lower.png,stim/incongLeft.png,-1,left,0,,,,,,1,38,86,10,1,,,,,,,,,
1,,,2026-02-28_12h51.50.345,ant_ver113,2025.2.3,MacIntel,59.88023952,110287,110287,,,,,1169.3967,1170.3445,0.95,1170.3446,1174.3427,right,1,1.6038,,,,,,,,,stim/both.png,stim/congRight.png,1,right,0,,,,,,1,39,87,47,1,,,,,,,,,
1,,,2026-02-28_12h51.50.345,ant_ver113,2025.2.3,MacIntel,59.88023952,110287,110287,,,,,1174.3429,1175.6962,1.35,1175.6964,1179.6996,left,1,0.8195,,,,,,,,,stim/centre.png,stim/incongLeft.png,-1,left,0,,,,,,1,40,88,21,1,,,,,,,,,
1,,,2026-02-28_12h51.50.345,ant_ver113,2025.2.3,MacIntel,59.88023952,110287,110287,,,,,1179.6999,1180.4377,0.75,1180.4379,1184.4323,right,1,0.5102,,,,,,,,,stim/both.png,stim/neutralRight.png,-1,right,0,,,,,,1,41,89,41,1,,,,,,,,,
1,,,2026-02-28_12h51.50.345,ant_ver113,2025.2.3,MacIntel,59.88023952,110287,110287,,,,,1184.4324,1184.9773,0.55,1184.9775,1188.9738,right,1,0.5827,,,,,,,,,stim/blank.png,stim/congRight.png,-1,right,0,,,,,,1,42,90,18,1,,,,,,,,,
1,,,2026-02-28_12h51.50.345,ant_ver113,2025.2.3,MacIntel,59.88023952,110287,110287,,,,,1188.974,1189.4132,0.45,1189.4134,1193.4076,left,1,0.5288,,,,,,,,,stim/both.png,stim/congLeft.png,1,left,0,,,,,,1,43,91,34,1,,,,,,,,,
1,,,2026-02-28_12h51.50.345,ant_ver113,2025.2.3,MacIntel,59.88023952,110287,110287,,,,,1193.4078,1194.2522,0.85,1194.2524,1198.2502,left,1,0.547,,,,,,,,,stim/upper.png,stim/neutralLeft.png,1,left,0,,,,,,1,44,92,8,1,,,,,,,,,
1,,,2026-02-28_12h51.50.345,ant_ver113,2025.2.3,MacIntel,59.88023952,110287,110287,,,,,1198.2504,1199.4989,1.25,1199.4992,1203.4962,right,1,0.5654,,,,,,,,,stim/blank.png,stim/neutralRight.png,-1,right,0,,,,,,1,45,93,36,1,,,,,,,,,
1,,,2026-02-28_12h51.50.345,ant_ver113,2025.2.3,MacIntel,59.88023952,110287,110287,,,,,1203.4964,1204.5358,1.05,1204.5361,1208.5379,right,1,0.4209,,,,,,,,,stim/lower.png,stim/neutralRight.png,-1,right,0,,,,,,1,46,94,28,1,,,,,,,,,
1,,,2026-02-28_12h51.50.345,ant_ver113,2025.2.3,MacIntel,59.88023952,110287,110287,,,,,1208.5381,1210.0388,1.5,1210.0389,1214.0276,right,1,0.5668,,,,,,,,,stim/centre.png,stim/neutralRight.png,1,right,0,,,,,,1,47,95,29,1,,,,,,,,,
1,,,2026-02-28_12h51.50.345,ant_ver113,2025.2.3,MacIntel,59.88023952,110287,110287,,,,,,,,,,,,,,,,,,,,,,,,,,,,,,,,,,,,1214.0283,1308.072,1,0,1,0,1,,
1,,,2026-02-28_12h51.50.345,ant_ver113,2025.2.3,MacIntel,59.88023952,110287,110287,,,,,1308.0768,1309.2739,1.2,1309.2742,1313.2756,left,0,1.3907,,,,,,,,,stim/both.png,stim/incongRight.png,1,right,0,,,,,,0,0,0,44,1,,,,,,,,,
1,,,2026-02-28_12h51.50.345,ant_ver113,2025.2.3,MacIntel,59.88023952,110287,110287,,,,,1313.2757,1313.7148,0.45,1313.7151,1317.7153,left,1,0.4573,,,,,,,,,stim/both.png,stim/neutralLeft.png,1,left,0,,,,,,0,1,1,31,1,,,,,,,,,
1,,,2026-02-28_12h51.50.345,ant_ver113,2025.2.3,MacIntel,59.88023952,110287,110287,,,,,1317.7155,1318.8056,1.1,1318.8058,1322.8094,left,1,0.6027,,,,,,,,,stim/centre.png,stim/neutralLeft.png,-1,left,0,,,,,,0,2,2,14,1,,,,,,,,,
1,,,2026-02-28_12h51.50.345,ant_ver113,2025.2.3,MacIntel,59.88023952,110287,110287,,,,,1322.8096,1324.0567,1.25,1324.057,1328.0556,left,0,0.6566,,,,,,,,,stim/upper.png,stim/neutralRight.png,1,right,0,,,,,,0,3,3,27,1,,,,,,,,,
1,,,2026-02-28_12h51.50.345,ant_ver113,2025.2.3,MacIntel,59.88023952,110287,110287,,,,,1328.0557,1329.4444,1.4,1329.4446,1333.4295,right,1,0.693,,,,,,,,,stim/blank.png,stim/neutralRight.png,1,right,0,,,,,,0,4,4,39,1,,,,,,,,,
1,,,2026-02-28_12h51.50.345,ant_ver113,2025.2.3,MacIntel,59.88023952,110287,110287,,,,,1333.4296,1333.9214,0.5,1333.9216,1337.9234,right,1,0.6234,,,,,,,,,stim/both.png,stim/congRight.png,-1,right,0,,,,,,0,5,5,13,1,,,,,,,,,
1,,,2026-02-28_12h51.50.345,ant_ver113,2025.2.3,MacIntel,59.88023952,110287,110287,,,,,1337.9236,1339.0123,1.1,1339.0125,1343.0093,left,1,0.5102,,,,,,,,,stim/centre.png,stim/congLeft.png,-1,left,0,,,,,,0,6,6,9,1,,,,,,,,,
1,,,2026-02-28_12h51.50.345,ant_ver113,2025.2.3,MacIntel,59.88023952,110287,110287,,,,,1343.0096,1344.559,1.55,1344.5593,1348.5498,left,1,0.7845,,,,,,,,,stim/centre.png,stim/incongLeft.png,-1,left,0,,,,,,0,7,7,21,1,,,,,,,,,
1,,,2026-02-28_12h51.50.345,ant_ver113,2025.2.3,MacIntel,59.88023952,110287,110287,,,,,1348.55,1349.9394,1.4,1349.9396,1353.9362,right,1,0.5834,,,,,,,,,stim/both.png,stim/neutralRight.png,1,right,0,,,,,,0,8,8,23,1,,,,,,,,,
1,,,2026-02-28_12h51.50.345,ant_ver113,2025.2.3,MacIntel,59.88023952,110287,110287,,,,,1353.9364,1354.8326,0.9,1354.8328,1358.8284,right,1,0.5647,,,,,,,,,stim/lower.png,stim/neutralRight.png,-1,right,0,,,,,,0,9,9,28,1,,,,,,,,,
1,,,2026-02-28_12h51.50.345,ant_ver113,2025.2.3,MacIntel,59.88023952,110287,110287,,,,,1358.8286,1359.8821,1.05,1359.8823,1363.8842,left,1,0.7828,,,,,,,,,stim/both.png,stim/neutralLeft.png,-1,left,0,,,,,,0,10,10,17,1,,,,,,,,,
1,,,2026-02-28_12h51.50.345,ant_ver113,2025.2.3,MacIntel,59.88023952,110287,110287,,,,,1363.8844,1364.8856,1,1364.8859,1368.8798,right,1,0.6758,,,,,,,,,stim/centre.png,stim/congRight.png,1,right,0,,,,,,0,11,11,2,1,,,,,,,,,
1,,,2026-02-28_12h51.50.345,ant_ver113,2025.2.3,MacIntel,59.88023952,110287,110287,,,,,1368.88,1369.7792,0.9,1369.7795,1373.7682,right,1,0.6392,,,,,,,,,stim/blank.png,stim/congRight.png,1,right,0,,,,,,0,12,12,45,1,,,,,,,,,
1,,,2026-02-28_12h51.50.345,ant_ver113,2025.2.3,MacIntel,59.88023952,110287,110287,,,,,1373.7684,1374.5087,0.75,1374.509,1378.5123,left,0,0.4382,,,,,,,,,stim/both.png,stim/incongRight.png,-1,right,0,,,,,,0,13,13,3,1,,,,,,,,,
1,,,2026-02-28_12h51.50.345,ant_ver113,2025.2.3,MacIntel,59.88023952,110287,110287,,,,,1378.5126,1379.5147,1,1379.5149,1383.5128,left,1,0.5108,,,,,,,,,stim/both.png,stim/congLeft.png,-1,left,0,,,,,,0,14,14,5,1,,,,,,,,,
1,,,2026-02-28_12h51.50.345,ant_ver113,2025.2.3,MacIntel,59.88023952,110287,110287,,,,,1383.513,1384.5669,1.05,1384.5672,1388.5688,right,1,0.5662,,,,,,,,,stim/centre.png,stim/congRight.png,-1,right,0,,,,,,0,15,15,0,1,,,,,,,,,
1,,,2026-02-28_12h51.50.345,ant_ver113,2025.2.3,MacIntel,59.88023952,110287,110287,,,,,1388.5691,1389.5188,0.95,1389.5191,1393.5213,right,1,0.6569,,,,,,,,,stim/centre.png,stim/neutralRight.png,-1,right,0,,,,,,0,16,16,35,1,,,,,,,,,
1,,,2026-02-28_12h51.50.345,ant_ver113,2025.2.3,MacIntel,59.88023952,110287,110287,,,,,1393.5214,1394.8607,1.35,1394.861,1398.8605,right,1,0.5647,,,,,,,,,stim/blank.png,stim/neutralRight.png,-1,right,0,,,,,,0,17,17,36,1,,,,,,,,,
1,,,2026-02-28_12h51.50.345,ant_ver113,2025.2.3,MacIntel,59.88023952,110287,110287,,,,,1398.8606,1399.2651,0.4,1399.2654,1403.2552,right,1,0.7304,,,,,,,,,stim/upper.png,stim/congRight.png,1,right,0,,,,,,0,18,18,30,1,,,,,,,,,
1,,,2026-02-28_12h51.50.345,ant_ver113,2025.2.3,MacIntel,59.88023952,110287,110287,,,,,1403.2554,1404.1001,0.85,1404.1002,1408.1002,left,1,0.5113,,,,,,,,,stim/upper.png,stim/incongLeft.png,1,left,0,,,,,,0,19,19,33,1,,,,,,,,,
1,,,2026-02-28_12h51.50.345,ant_ver113,2025.2.3,MacIntel,59.88023952,110287,110287,,,,,1408.1004,1409.2426,1.15,1409.2428,1413.245,left,1,0.5488,,,,,,,,,stim/lower.png,stim/incongLeft.png,-1,left,0,,,,,,0,20,20,10,1,,,,,,,,,
1,,,2026-02-28_12h51.50.345,ant_ver113,2025.2.3,MacIntel,59.88023952,110287,110287,,,,,1413.2451,1413.737,0.5,1413.7372,1417.7404,right,1,0.6761,,,,,,,,,stim/blank.png,stim/incongRight.png,1,right,0,,,,,,0,21,21,40,1,,,,,,,,,
1,,,2026-02-28_12h51.50.345,ant_ver113,2025.2.3,MacIntel,59.88023952,110287,110287,,,,,1417.7405,1419.0422,1.3,1419.0424,1423.0426,right,1,0.5479,,,,,,,,,stim/centre.png,stim/neutralRight.png,1,right,0,,,,,,0,22,22,29,1,,,,,,,,,
1,,,2026-02-28_12h51.50.345,ant_ver113,2025.2.3,MacIntel,59.88023952,110287,110287,,,,,1423.0428,1424.5362,1.5,1424.5365,1428.538,left,1,0.5658,,,,,,,,,stim/both.png,stim/incongLeft.png,-1,left,0,,,,,,0,23,23,37,1,,,,,,,,,
1,,,2026-02-28_12h51.50.345,ant_ver113,2025.2.3,MacIntel,59.88023952,110287,110287,,,,,1428.5382,1429.8394,1.3,1429.8396,1433.8421,left,1,0.6576,,,,,,,,,stim/centre.png,stim/neutralLeft.png,1,left,0,,,,,,0,24,24,22,1,,,,,,,,,
1,,,2026-02-28_12h51.50.345,ant_ver113,2025.2.3,MacIntel,59.88023952,110287,110287,,,,,1433.8423,1434.9873,1.15,1434.9876,1438.988,right,1,0.5128,,,,,,,,,stim/upper.png,stim/incongRight.png,1,right,0,,,,,,0,25,25,11,1,,,,,,,,,
1,,,2026-02-28_12h51.50.345,ant_ver113,2025.2.3,MacIntel,59.88023952,110287,110287,,,,,1438.9881,1439.885,0.9,1439.8851,1443.8848,left,1,0.6024,,,,,,,,,stim/both.png,stim/incongLeft.png,1,left,0,,,,,,0,26,26,1,1,,,,,,,,,
1,,,2026-02-28_12h51.50.345,ant_ver113,2025.2.3,MacIntel,59.88023952,110287,110287,,,,,1443.885,1444.7288,0.85,1444.729,1448.7256,left,1,0.4921,,,,,,,,,stim/lower.png,stim/neutralLeft.png,-1,left,0,,,,,,0,27,27,38,1,,,,,,,,,
1,,,2026-02-28_12h51.50.345,ant_ver113,2025.2.3,MacIntel,59.88023952,110287,110287,,,,,1448.7257,1449.7622,1.05,1449.7624,1453.7662,right,1,0.6204,,,,,,,,,stim/centre.png,stim/incongRight.png,-1,right,0,,,,,,0,28,28,25,1,,,,,,,,,
1,,,2026-02-28_12h51.50.345,ant_ver113,2025.2.3,MacIntel,59.88023952,110287,110287,,,,,1453.7664,1454.9614,1.2,1454.9616,1458.9585,left,1,0.5113,,,,,,,,,stim/blank.png,stim/neutralLeft.png,1,left,0,,,,,,0,29,29,42,1,,,,,,,,,
1,,,2026-02-28_12h51.50.345,ant_ver113,2025.2.3,MacIntel,59.88023952,110287,110287,,,,,1458.9587,1459.8543,0.9,1459.8544,1463.8529,right,1,0.675,,,,,,,,,stim/centre.png,stim/incongRight.png,1,right,0,,,,,,0,30,30,26,1,,,,,,,,,
1,,,2026-02-28_12h51.50.345,ant_ver113,2025.2.3,MacIntel,59.88023952,110287,110287,,,,,1463.8531,1464.802,0.95,1464.8023,1468.7988,right,1,0.5832,,,,,,,,,stim/blank.png,stim/congRight.png,-1,right,0,,,,,,0,31,31,18,1,,,,,,,,,
1,,,2026-02-28_12h51.50.345,ant_ver113,2025.2.3,MacIntel,59.88023952,110287,110287,,,,,1468.799,1469.3444,0.55,1469.3447,1473.3421,right,1,0.6367,,,,,,,,,stim/lower.png,stim/incongRight.png,-1,right,0,,,,,,0,32,32,19,1,,,,,,,,,
1,,,2026-02-28_12h51.50.345,ant_ver113,2025.2.3,MacIntel,59.88023952,110287,110287,,,,,1473.3423,1474.3788,1.05,1474.379,1478.3729,left,1,1.0391,,,,,,,,,stim/blank.png,stim/congLeft.png,1,left,0,,,,,,0,33,33,6,1,,,,,,,,,
1,,,2026-02-28_12h51.50.345,ant_ver113,2025.2.3,MacIntel,59.88023952,110287,110287,,,,,1478.3731,1479.0765,0.7,1479.0768,1483.0721,left,1,0.511,,,,,,,,,stim/upper.png,stim/neutralLeft.png,1,left,0,,,,,,0,34,34,8,1,,,,,,,,,
1,,,2026-02-28_12h51.50.345,ant_ver113,2025.2.3,MacIntel,59.88023952,110287,110287,,,,,1483.0722,1483.9677,0.9,1483.968,1487.9689,right,1,0.6197,,,,,,,,,stim/both.png,stim/neutralRight.png,-1,right,0,,,,,,0,35,35,41,1,,,,,,,,,
1,,,2026-02-28_12h51.50.345,ant_ver113,2025.2.3,MacIntel,59.88023952,110287,110287,,,,,1487.9691,1488.4615,0.5,1488.4617,1492.4661,left,1,0.7837,,,,,,,,,stim/blank.png,stim/incongLeft.png,1,left,0,,,,,,0,36,36,20,1,,,,,,,,,
1,,,2026-02-28_12h51.50.345,ant_ver113,2025.2.3,MacIntel,59.88023952,110287,110287,,,,,1492.4662,1493.7666,1.3,1493.7669,1497.7669,left,1,0.6384,,,,,,,,,stim/centre.png,stim/congLeft.png,1,left,0,,,,,,0,37,37,4,1,,,,,,,,,
1,,,2026-02-28_12h51.50.345,ant_ver113,2025.2.3,MacIntel,59.88023952,110287,110287,,,,,1497.7671,1499.2078,1.45,1499.208,1503.2051,right,1,0.5104,,,,,,,,,stim/lower.png,stim/congRight.png,-1,right,0,,,,,,0,38,38,43,1,,,,,,,,,
1,,,2026-02-28_12h51.50.345,ant_ver113,2025.2.3,MacIntel,59.88023952,110287,110287,,,,,1503.2052,1504.6476,1.45,1504.6478,1508.6373,left,1,0.7476,,,,,,,,,stim/blank.png,stim/incongLeft.png,-1,left,0,,,,,,0,39,39,16,1,,,,,,,,,
1,,,2026-02-28_12h51.50.345,ant_ver113,2025.2.3,MacIntel,59.88023952,110287,110287,,,,,1508.6375,1509.7801,1.15,1509.7803,1513.7851,left,1,0.7832,,,,,,,,,stim/centre.png,stim/incongLeft.png,1,left,0,,,,,,0,40,40,46,1,,,,,,,,,
1,,,2026-02-28_12h51.50.345,ant_ver113,2025.2.3,MacIntel,59.88023952,110287,110287,,,,,1513.7854,1514.8742,1.1,1514.8744,1518.866,left,1,0.9116,,,,,,,,,stim/blank.png,stim/neutralLeft.png,-1,left,0,,,,,,0,41,41,32,1,,,,,,,,,
1,,,2026-02-28_12h51.50.345,ant_ver113,2025.2.3,MacIntel,59.88023952,110287,110287,,,,,1518.8662,1519.8673,1,1519.8675,1523.8657,left,1,0.4943,,,,,,,,,stim/blank.png,stim/congLeft.png,-1,left,0,,,,,,0,42,42,15,1,,,,,,,,,
1,,,2026-02-28_12h51.50.345,ant_ver113,2025.2.3,MacIntel,59.88023952,110287,110287,,,,,1523.8659,1524.6605,0.8,1524.6607,1528.6644,right,1,0.6745,,,,,,,,,stim/blank.png,stim/incongRight.png,-1,right,0,,,,,,0,43,43,7,1,,,,,,,,,
1,,,2026-02-28_12h51.50.345,ant_ver113,2025.2.3,MacIntel,59.88023952,110287,110287,,,,,1528.6646,1530.0539,1.4,1530.0542,1534.0422,left,1,0.7313,,,,,,,,,stim/both.png,stim/congLeft.png,1,left,0,,,,,,0,44,44,34,1,,,,,,,,,
1,,,2026-02-28_12h51.50.345,ant_ver113,2025.2.3,MacIntel,59.88023952,110287,110287,,,,,1534.0423,1535.1313,1.1,1535.1316,1539.1261,left,1,0.4736,,,,,,,,,stim/upper.png,stim/congLeft.png,1,left,0,,,,,,0,45,45,24,1,,,,,,,,,
1,,,2026-02-28_12h51.50.345,ant_ver113,2025.2.3,MacIntel,59.88023952,110287,110287,,,,,1539.1263,1540.4787,1.35,1540.4788,1544.4733,right,1,0.4922,,,,,,,,,stim/both.png,stim/congRight.png,1,right,0,,,,,,0,46,46,47,1,,,,,,,,,
1,,,2026-02-28_12h51.50.345,ant_ver113,2025.2.3,MacIntel,59.88023952,110287,110287,,,,,1544.4735,1545.1768,0.7,1545.177,1549.1781,left,1,0.4929,,,,,,,,,stim/lower.png,stim/congLeft.png,-1,left,0,,,,,,0,47,47,12,1,,,,,,,,,
1,,,2026-02-28_12h51.50.345,ant_ver113,2025.2.3,MacIntel,59.88023952,110287,110287,,,,,1549.1783,1550.3621,1.2,1550.3624,1554.3657,left,1,0.6208,,,,,,,,,stim/both.png,stim/neutralLeft.png,-1,left,0,,,,,,1,0,48,17,1,,,,,,,,,
1,,,2026-02-28_12h51.50.345,ant_ver113,2025.2.3,MacIntel,59.88023952,110287,110287,,,,,1554.3659,1555.719,1.35,1555.7193,1559.7071,right,1,0.6935,,,,,,,,,stim/blank.png,stim/congRight.png,1,right,0,,,,,,1,1,49,45,1,,,,,,,,,
1,,,2026-02-28_12h51.50.345,ant_ver113,2025.2.3,MacIntel,59.88023952,110287,110287,,,,,1559.7073,1561.2545,1.55,1561.2547,1565.2561,left,1,0.5482,,,,,,,,,stim/centre.png,stim/congLeft.png,1,left,0,,,,,,1,2,50,4,1,,,,,,,,,
1,,,2026-02-28_12h51.50.345,ant_ver113,2025.2.3,MacIntel,59.88023952,110287,110287,,,,,1565.2563,1565.9597,0.7,1565.9599,1569.9589,right,1,0.5647,,,,,,,,,stim/centre.png,stim/neutralRight.png,-1,right,0,,,,,,1,3,51,35,1,,,,,,,,,
1,,,2026-02-28_12h51.50.345,ant_ver113,2025.2.3,MacIntel,59.88023952,110287,110287,,,,,1569.959,1571.5052,1.55,1571.5054,1575.5084,left,1,0.675,,,,,,,,,stim/upper.png,stim/congLeft.png,1,left,0,,,,,,1,4,52,24,1,,,,,,,,,
1,,,2026-02-28_12h51.50.345,ant_ver113,2025.2.3,MacIntel,59.88023952,110287,110287,,,,,1575.5085,1576.159,0.65,1576.1592,1580.1632,right,1,0.6573,,,,,,,,,stim/centre.png,stim/neutralRight.png,1,right,0,,,,,,1,5,53,29,1,,,,,,,,,
1,,,2026-02-28_12h51.50.345,ant_ver113,2025.2.3,MacIntel,59.88023952,110287,110287,,,,,1580.1634,1581.3065,1.15,1581.3067,1585.3097,left,1,0.4572,,,,,,,,,stim/lower.png,stim/neutralLeft.png,-1,left,0,,,,,,1,6,54,38,1,,,,,,,,,
1,,,2026-02-28_12h51.50.345,ant_ver113,2025.2.3,MacIntel,59.88023952,110287,110287,,,,,1585.3099,1585.7492,0.45,1585.7494,1589.7512,right,1,0.6745,,,,,,,,,stim/centre.png,stim/incongRight.png,1,right,0,,,,,,1,7,55,26,1,,,,,,,,,
1,,,2026-02-28_12h51.50.345,ant_ver113,2025.2.3,MacIntel,59.88023952,110287,110287,,,,,1589.7514,1590.7004,0.95,1590.7006,1594.6911,right,1,0.8753,,,,,,,,,stim/centre.png,stim/incongRight.png,-1,right,0,,,,,,1,8,56,25,1,,,,,,,,,
1,,,2026-02-28_12h51.50.345,ant_ver113,2025.2.3,MacIntel,59.88023952,110287,110287,,,,,1594.6912,1596.0832,1.4,1596.0834,1600.0753,right,1,0.9289,,,,,,,,,stim/blank.png,stim/neutralRight.png,-1,right,0,,,,,,1,9,57,36,1,,,,,,,,,
1,,,2026-02-28_12h51.50.345,ant_ver113,2025.2.3,MacIntel,59.88023952,110287,110287,,,,,1600.0755,1601.6212,1.55,1601.6214,1605.6243,left,1,0.6573,,,,,,,,,stim/both.png,stim/neutralLeft.png,1,left,0,,,,,,1,10,58,31,1,,,,,,,,,
1,,,2026-02-28_12h51.50.345,ant_ver113,2025.2.3,MacIntel,59.88023952,110287,110287,,,,,1605.6244,1606.4155,0.8,1606.4157,1610.395,left,1,0.4744,,,,,,,,,stim/centre.png,stim/neutralLeft.png,1,left,0,,,,,,1,11,59,22,1,,,,,,,,,
1,,,2026-02-28_12h51.50.345,ant_ver113,2025.2.3,MacIntel,59.88023952,110287,110287,,,,,1610.3951,1611.5903,1.2,1611.5905,1615.589,left,1,0.5106,,,,,,,,,stim/blank.png,stim/congLeft.png,-1,left,0,,,,,,1,12,60,15,1,,,,,,,,,
1,,,2026-02-28_12h51.50.345,ant_ver113,2025.2.3,MacIntel,59.88023952,110287,110287,,,,,1615.5892,1616.785,1.2,1616.7853,1620.7843,right,1,0.493,,,,,,,,,stim/both.png,stim/neutralRight.png,-1,right,0,,,,,,1,13,61,41,1,,,,,,,,,
1,,,2026-02-28_12h51.50.345,ant_ver113,2025.2.3,MacIntel,59.88023952,110287,110287,,,,,1620.7845,1621.9283,1.15,1621.9286,1625.9333,right,1,0.5662,,,,,,,,,stim/upper.png,stim/neutralRight.png,1,right,0,,,,,,1,14,62,27,1,,,,,,,,,
1,,,2026-02-28_12h51.50.345,ant_ver113,2025.2.3,MacIntel,59.88023952,110287,110287,,,,,1625.9335,1627.0231,1.1,1627.0234,1631.0204,left,1,0.5111,,,,,,,,,stim/upper.png,stim/neutralLeft.png,1,left,0,,,,,,1,15,63,8,1,,,,,,,,,
1,,,2026-02-28_12h51.50.345,ant_ver113,2025.2.3,MacIntel,59.88023952,110287,110287,,,,,1631.0205,1632.5145,1.5,1632.5147,1636.5156,left,1,0.6388,,,,,,,,,stim/both.png,stim/incongLeft.png,1,left,0,,,,,,1,16,64,1,1,,,,,,,,,
1,,,2026-02-28_12h51.50.345,ant_ver113,2025.2.3,MacIntel,59.88023952,110287,110287,,,,,1636.5158,1637.0087,0.5,1637.0089,1641.0024,left,1,0.5056,,,,,,,,,stim/both.png,stim/congLeft.png,1,left,0,,,,,,1,17,65,34,1,,,,,,,,,
1,,,2026-02-28_12h51.50.345,ant_ver113,2025.2.3,MacIntel,59.88023952,110287,110287,,,,,1641.0026,1642.1983,1.2,1642.1986,1646.1973,left,1,0.5649,,,,,,,,,stim/both.png,stim/congLeft.png,-1,left,0,,,,,,1,18,66,5,1,,,,,,,,,
1,,,2026-02-28_12h51.50.345,ant_ver113,2025.2.3,MacIntel,59.88023952,110287,110287,,,,,1646.1975,1646.6909,0.5,1646.6912,1650.6917,right,1,0.6387,,,,,,,,,stim/centre.png,stim/congRight.png,1,right,0,,,,,,1,19,67,2,1,,,,,,,,,
1,,,2026-02-28_12h51.50.345,ant_ver113,2025.2.3,MacIntel,59.88023952,110287,110287,,,,,1650.6919,1652.1337,1.45,1652.1339,1656.1321,right,1,0.5648,,,,,,,,,stim/blank.png,stim/congRight.png,-1,right,0,,,,,,1,20,68,18,1,,,,,,,,,
1,,,2026-02-28_12h51.50.345,ant_ver113,2025.2.3,MacIntel,59.88023952,110287,110287,,,,,1656.1323,1657.3279,1.2,1657.3281,1661.3158,right,1,0.7474,,,,,,,,,stim/blank.png,stim/incongRight.png,1,right,0,,,,,,1,21,69,40,1,,,,,,,,,
1,,,2026-02-28_12h51.50.345,ant_ver113,2025.2.3,MacIntel,59.88023952,110287,110287,,,,,1661.316,1662.5112,1.2,1662.5113,1666.5043,left,1,0.4368,,,,,,,,,stim/lower.png,stim/congLeft.png,-1,left,0,,,,,,1,22,70,12,1,,,,,,,,,
1,,,2026-02-28_12h51.50.345,ant_ver113,2025.2.3,MacIntel,59.88023952,110287,110287,,,,,1666.5045,1667.6476,1.15,1667.6478,1671.6498,right,1,0.6919,,,,,,,,,stim/blank.png,stim/incongRight.png,-1,right,0,,,,,,1,23,71,7,1,,,,,,,,,
1,,,2026-02-28_12h51.50.345,ant_ver113,2025.2.3,MacIntel,59.88023952,110287,110287,,,,,1671.65,1672.0545,0.4,1672.0546,1676.0551,right,1,1.1135,,,,,,,,,stim/both.png,stim/incongRight.png,-1,right,0,,,,,,1,24,72,3,1,,,,,,,,,
1,,,2026-02-28_12h51.50.345,ant_ver113,2025.2.3,MacIntel,59.88023952,110287,110287,,,,,1676.0554,1676.8987,0.85,1676.8989,1680.8943,right,1,0.9846,,,,,,,,,stim/upper.png,stim/incongRight.png,1,right,0,,,,,,1,25,73,11,1,,,,,,,,,
1,,,2026-02-28_12h51.50.345,ant_ver113,2025.2.3,MacIntel,59.88023952,110287,110287,,,,,1680.8946,1681.3338,0.45,1681.334,1685.334,right,1,0.6561,,,,,,,,,stim/lower.png,stim/congRight.png,-1,right,0,,,,,,1,26,74,43,1,,,,,,,,,
1,,,2026-02-28_12h51.50.345,ant_ver113,2025.2.3,MacIntel,59.88023952,110287,110287,,,,,1685.3343,1686.3361,1,1686.3363,1690.3387,left,1,0.694,,,,,,,,,stim/upper.png,stim/incongLeft.png,1,left,0,,,,,,1,27,75,33,1,,,,,,,,,
1,,,2026-02-28_12h51.50.345,ant_ver113,2025.2.3,MacIntel,59.88023952,110287,110287,,,,,1690.339,1690.9361,0.6,1690.9363,1694.925,left,1,0.6571,,,,,,,,,stim/blank.png,stim/neutralLeft.png,1,left,0,,,,,,1,28,76,42,1,,,,,,,,,
1,,,2026-02-28_12h51.50.345,ant_ver113,2025.2.3,MacIntel,59.88023952,110287,110287,,,,,1694.9252,1695.9794,1.05,1695.9797,1699.9752,right,1,0.5283,,,,,,,,,stim/centre.png,stim/congRight.png,-1,right,0,,,,,,1,29,77,0,1,,,,,,,,,
1,,,2026-02-28_12h51.50.345,ant_ver113,2025.2.3,MacIntel,59.88023952,110287,110287,,,,,1699.9754,1700.6607,0.7,1700.661,1704.6593,right,1,0.5472,,,,,,,,,stim/upper.png,stim/congRight.png,1,right,0,,,,,,1,30,78,30,1,,,,,,,,,
1,,,2026-02-28_12h51.50.345,ant_ver113,2025.2.3,MacIntel,59.88023952,110287,110287,,,,,1704.6594,1705.2568,0.6,1705.2569,1709.2534,left,1,1.1105,,,,,,,,,stim/both.png,stim/incongLeft.png,-1,left,0,,,,,,1,31,79,37,1,,,,,,,,,
1,,,2026-02-28_12h51.50.345,ant_ver113,2025.2.3,MacIntel,59.88023952,110287,110287,,,,,1709.2536,1710.7485,1.5,1710.7487,1714.7448,right,0,0.402,,,,,,,,,stim/centre.png,stim/incongLeft.png,-1,left,0,,,,,,1,32,80,21,1,,,,,,,,,
1,,,2026-02-28_12h51.50.345,ant_ver113,2025.2.3,MacIntel,59.88023952,110287,110287,,,,,1714.745,1716.1329,1.4,1716.1331,1720.1308,left,1,0.6197,,,,,,,,,stim/centre.png,stim/congLeft.png,-1,left,0,,,,,,1,33,81,9,1,,,,,,,,,
1,,,2026-02-28_12h51.50.345,ant_ver113,2025.2.3,MacIntel,59.88023952,110287,110287,,,,,1720.131,1720.7808,0.65,1720.781,1724.7826,right,1,0.7291,,,,,,,,,stim/both.png,stim/incongRight.png,1,right,0,,,,,,1,34,82,44,1,,,,,,,,,
1,,,2026-02-28_12h51.50.345,ant_ver113,2025.2.3,MacIntel,59.88023952,110287,110287,,,,,1724.7828,1725.275,0.5,1725.2752,1729.2715,right,1,0.4924,,,,,,,,,stim/both.png,stim/neutralRight.png,1,right,0,,,,,,1,35,83,23,1,,,,,,,,,
1,,,2026-02-28_12h51.50.345,ant_ver113,2025.2.3,MacIntel,59.88023952,110287,110287,,,,,1729.2717,1730.116,0.85,1730.1163,1734.1161,left,1,0.6204,,,,,,,,,stim/blank.png,stim/congLeft.png,1,left,0,,,,,,1,36,84,6,1,,,,,,,,,
1,,,2026-02-28_12h51.50.345,ant_ver113,2025.2.3,MacIntel,59.88023952,110287,110287,,,,,1734.1163,1734.9599,0.85,1734.9601,1738.9507,right,1,0.8015,,,,,,,,,stim/both.png,stim/congRight.png,-1,right,0,,,,,,1,37,85,13,1,,,,,,,,,
1,,,2026-02-28_12h51.50.345,ant_ver113,2025.2.3,MacIntel,59.88023952,110287,110287,,,,,1738.9509,1740.3385,1.4,1740.3387,1744.3369,left,1,0.6381,,,,,,,,,stim/centre.png,stim/neutralLeft.png,-1,left,0,,,,,,1,38,86,14,1,,,,,,,,,
1,,,2026-02-28_12h51.50.345,ant_ver113,2025.2.3,MacIntel,59.88023952,110287,110287,,,,,1744.3371,1745.0413,0.7,1745.0415,1749.0395,left,1,0.6028,,,,,,,,,stim/blank.png,stim/incongLeft.png,1,left,0,,,,,,1,39,87,20,1,,,,,,,,,
1,,,2026-02-28_12h51.50.345,ant_ver113,2025.2.3,MacIntel,59.88023952,110287,110287,,,,,1749.0397,1750.5316,1.5,1750.5318,1754.5358,left,1,0.7827,,,,,,,,,stim/blank.png,stim/incongLeft.png,-1,left,0,,,,,,1,40,88,16,1,,,,,,,,,
1,,,2026-02-28_12h51.50.345,ant_ver113,2025.2.3,MacIntel,59.88023952,110287,110287,,,,,1754.536,1755.7315,1.2,1755.7317,1759.7223,right,1,0.8204,,,,,,,,,stim/lower.png,stim/incongRight.png,-1,right,0,,,,,,1,41,89,19,1,,,,,,,,,
1,,,2026-02-28_12h51.50.345,ant_ver113,2025.2.3,MacIntel,59.88023952,110287,110287,,,,,1759.7224,1760.6184,0.9,1760.6187,1764.6081,left,1,0.7133,,,,,,,,,stim/centre.png,stim/incongLeft.png,1,left,0,,,,,,1,42,90,46,1,,,,,,,,,
1,,,2026-02-28_12h51.50.345,ant_ver113,2025.2.3,MacIntel,59.88023952,110287,110287,,,,,1764.6084,1765.2591,0.65,1765.2594,1769.2439,,0,,,,,,,,,,stim/lower.png,stim/incongLeft.png,-1,left,0,,,,,,1,43,91,10,1,,,,,,,,,
1,,,2026-02-28_12h51.50.345,ant_ver113,2025.2.3,MacIntel,59.88023952,110287,110287,,,,,1769.2441,1769.9482,0.7,1769.9485,1773.9397,left,1,0.657,,,,,,,,,stim/blank.png,stim/neutralLeft.png,-1,left,0,,,,,,1,44,92,32,1,,,,,,,,,
1,,,2026-02-28_12h51.50.345,ant_ver113,2025.2.3,MacIntel,59.88023952,110287,110287,,,,,1773.9398,1774.6792,0.75,1774.6795,1778.6805,right,1,0.5298,,,,,,,,,stim/lower.png,stim/neutralRight.png,-1,right,0,,,,,,1,45,93,28,1,,,,,,,,,
1,,,2026-02-28_12h51.50.345,ant_ver113,2025.2.3,MacIntel,59.88023952,110287,110287,,,,,1778.6806,1779.2263,0.55,1779.2265,1783.2307,right,1,0.6397,,,,,,,,,stim/blank.png,stim/neutralRight.png,1,right,0,,,,,,1,46,94,39,1,,,,,,,,,
1,,,2026-02-28_12h51.50.345,ant_ver113,2025.2.3,MacIntel,59.88023952,110287,110287,,,,,1783.2309,1784.2857,1.05,1784.286,1788.2734,right,1,0.6763,,,,,,,,,stim/both.png,stim/congRight.png,1,right,0,,,,,,1,47,95,47,1,,,,,,,,,
1,,,2026-02-28_12h51.50.345,ant_ver113,2025.2.3,MacIntel,59.88023952,110287,110287,,,,,,,,,,,,,,,,,,,,,,,,,,,,,,,,,,,,1788.274,1788.2748,2,0,2,0,1,,
1,,,2026-02-28_12h51.50.345,ant_ver113,2025.2.3,MacIntel,59.88023952,110287,110287,,,,,,,,,,,,,,,,,,,,,,,,,,,,,,,,,,,,,,,,,,,1788.2748,1790.9258
