location,PreExperiment.started,PreExperiment.stopped,date,expName,psychopyVersion,OS,frameRate,id,participant,PracInstruc.started,PracInstruc.stopped,PracInstruct2.started,PracInstruct2.stopped,fixation.started,fixation.stopped,fixDuration,trial.started,trial.stopped,resp.keys,resp.corr,resp.rt,resp.duration,feedback.started,feedback.stopped,pracLoop.thisRepN,pracLoop.thisTrialN,pracLoop.thisN,pracLoop.thisIndex,pracLoop.ran,cue,tar,pos_loc,corrAns,targOrientation,MainInstruc.started,MainInstruc.stopped,instResp.keys,instResp.rt,instResp.duration,mainLoop.thisRepN,mainLoop.thisTrialN,mainLoop.thisN,mainLoop.thisIndex,mainLoop.ran
1,0,14.256,2026-03-12_16h11.34,ant_ver113,2025.2.3,MacIntel,71.42857143,117156,117156,,,,,,,,,,,,,,,,,,,,,,,,,,,,,,,,,,,
1,,,2026-03-12_16h11.34,ant_ver113,2025.2.3,MacIntel,71.42857143,117156,117156,14.256,41.777,,,,,,,,,,,,,,,,,,,,,,,,,,,,,,,,,
1,,,2026-03-12_16h11.34,ant_ver113,2025.2.3,MacIntel,71.42857143,117156,117156,,,41.777,79.011,,,,,,,,,,,,,,,,,,,,,,,,,,,,,,,
1,,,2026-03-12_16h11.34,ant_ver113,2025.2.3,MacIntel,71.42857143,117156,117156,,,,,79.042,80.04,1,80.042,84.04,left,1,1.116,,84.041,85.043,0,0,0,5,1,stim/both.png,stim/congLeft.png,-1,left,0,,,,,,,,,,
1,,,2026-03-12_16h11.34,ant_ver113,2025.2.3,MacIntel,71.42857143,117156,117156,,,,,85.045,85.843,0.8,85.843,89.842,right,1,0.467,,89.843,90.839,0,1,1,0,1,stim/centre.png,stim/congRight.png,-1,right,0,,,,,,,,,,
1,,,2026-03-12_16h11.34,ant_ver113,2025.2.3,MacIntel,71.42857143,117156,117156,,,,,90.839,92.389,1.55,92.389,96.39,,0,,,96.39,97.389,0,2,2,8,1,stim/upper.png,stim/neutralLeft.png,1,left,0,,,,,,,,,,
1,,,2026-03-12_16h11.34,ant_ver113,2025.2.3,MacIntel,71.42857143,117156,117156,,,,,97.389,98.489,1.1,98.489,102.489,left,1,0.617,,102.49,103.477,0,3,3,9,1,stim/centre.png,stim/congLeft.png,-1,left,0,,,,,,,,,,
1,,,2026-03-12_16h11.34,ant_ver113,2025.2.3,MacIntel,71.42857143,117156,117156,,,,,103.477,104.676,1.2,104.677,108.678,left,1,0.784,,108.679,109.673,0,4,4,6,1,stim/blank.png,stim/congLeft.png,1,left,0,,,,,,,,,,
1,,,2026-03-12_16h11.34,ant_ver113,2025.2.3,MacIntel,71.42857143,117156,117156,,,,,109.673,111.122,1.45,111.122,115.122,left,1,0.717,,115.122,116.121,0,5,5,14,1,stim/centre.png,stim/neutralLeft.png,-1,left,0,,,,,,,,,,
1,,,2026-03-12_16h11.34,ant_ver113,2025.2.3,MacIntel,71.42857143,117156,117156,,,,,116.122,117.623,1.5,117.623,121.621,,0,,,121.622,122.622,0,6,6,7,1,stim/blank.png,stim/incongRight.png,-1,right,0,,,,,,,,,,
1,,,2026-03-12_16h11.34,ant_ver113,2025.2.3,MacIntel,71.42857143,117156,117156,,,,,122.622,123.272,0.65,123.273,127.272,right,0,1.036,,127.272,128.272,0,7,7,21,1,stim/centre.png,stim/incongLeft.png,-1,left,0,,,,,,,,,,
1,,,2026-03-12_16h11.34,ant_ver113,2025.2.3,MacIntel,71.42857143,117156,117156,,,,,128.272,128.972,0.7,128.972,132.972,right,1,0.798,,132.972,133.971,0,8,8,18,1,stim/blank.png,stim/congRight.png,-1,right,0,,,,,,,,,,
1,,,2026-03-12_16h11.34,ant_ver113,2025.2.3,MacIntel,71.42857143,117156,117156,,,,,133.971,134.475,0.5,134.475,138.474,left,0,0.886,,138.475,139.475,0,9,9,19,1,stim/lower.png,stim/incongRight.png,-1,right,0,,,,,,,,,,
1,,,2026-03-12_16h11.34,ant_ver113,2025.2.3,MacIntel,71.42857143,117156,117156,,,,,139.476,140.076,0.6,140.076,144.076,right,0,1.399,,144.076,145.075,0,10,10,16,1,stim/blank.png,stim/incongLeft.png,-1,left,0,,,,,,,,,,
1,,,2026-03-12_16h11.34,ant_ver113,2025.2.3,MacIntel,71.42857143,117156,117156,,,,,145.076,146.526,1.45,146.526,150.525,left,1,0.566,,150.526,151.522,0,11,11,15,1,stim/blank.png,stim/congLeft.png,-1,left,0,,,,,,,,,,
1,,,2026-03-12_16h11.34,ant_ver113,2025.2.3,MacIntel,71.42857143,117156,117156,,,,,151.522,152.125,0.6,152.126,156.122,left,1,0.75,,156.123,157.121,0,12,12,4,1,stim/centre.png,stim/congLeft.png,1,left,0,,,,,,,,,,
1,,,2026-03-12_16h11.34,ant_ver113,2025.2.3,MacIntel,71.42857143,117156,117156,,,,,157.121,158.372,1.25,158.372,162.372,left,1,0.701,,162.373,163.375,0,13,13,12,1,stim/lower.png,stim/congLeft.png,-1,left,0,,,,,,,,,,
1,,,2026-03-12_16h11.34,ant_ver113,2025.2.3,MacIntel,71.42857143,117156,117156,,,,,163.375,163.825,0.45,163.825,167.825,right,1,0.567,,167.826,168.821,0,14,14,13,1,stim/both.png,stim/congRight.png,-1,right,0,,,,,,,,,,
1,,,2026-03-12_16h11.34,ant_ver113,2025.2.3,MacIntel,71.42857143,117156,117156,,,,,168.822,169.821,1,169.822,173.821,right,1,1.285,,173.822,174.821,0,15,15,23,1,stim/both.png,stim/neutralRight.png,1,right,0,,,,,,,,,,
1,,,2026-03-12_16h11.34,ant_ver113,2025.2.3,MacIntel,71.42857143,117156,117156,,,,,174.821,175.321,0.5,175.321,179.323,right,0,1.084,,179.323,180.321,0,16,16,10,1,stim/lower.png,stim/incongLeft.png,-1,left,0,,,,,,,,,,
1,,,2026-03-12_16h11.34,ant_ver113,2025.2.3,MacIntel,71.42857143,117156,117156,,,,,180.322,181.121,0.8,181.121,185.121,right,1,0.733,,185.122,186.121,0,17,17,2,1,stim/centre.png,stim/congRight.png,1,right,0,,,,,,,,,,
1,,,2026-03-12_16h11.34,ant_ver113,2025.2.3,MacIntel,71.42857143,117156,117156,,,,,186.122,187.224,1.1,187.224,191.224,left,1,0.7,,191.225,192.225,0,18,18,20,1,stim/blank.png,stim/incongLeft.png,1,left,0,,,,,,,,,,
1,,,2026-03-12_16h11.34,ant_ver113,2025.2.3,MacIntel,71.42857143,117156,117156,,,,,192.225,193.525,1.3,193.526,197.524,left,1,0.732,,197.525,198.521,0,19,19,22,1,stim/centre.png,stim/neutralLeft.png,1,left,0,,,,,,,,,,
1,,,2026-03-12_16h11.34,ant_ver113,2025.2.3,MacIntel,71.42857143,117156,117156,,,,,198.521,199.621,1.1,199.622,203.622,right,1,0.766,,203.622,204.621,0,20,20,11,1,stim/upper.png,stim/incongRight.png,1,right,0,,,,,,,,,,
1,,,2026-03-12_16h11.34,ant_ver113,2025.2.3,MacIntel,71.42857143,117156,117156,,,,,204.621,206.171,1.55,206.172,210.171,left,1,0.685,,210.171,211.174,0,21,21,17,1,stim/both.png,stim/neutralLeft.png,-1,left,0,,,,,,,,,,
1,,,2026-03-12_16h11.34,ant_ver113,2025.2.3,MacIntel,71.42857143,117156,117156,,,,,211.175,211.775,0.6,211.775,215.775,left,1,0.718,,215.776,216.771,0,22,22,1,1,stim/both.png,stim/incongLeft.png,1,left,0,,,,,,,,,,
1,,,2026-03-12_16h11.34,ant_ver113,2025.2.3,MacIntel,71.42857143,117156,117156,,,,,216.771,217.971,1.2,217.972,221.97,right,1,0.85,,221.971,222.974,0,23,23,3,1,stim/both.png,stim/incongRight.png,-1,right,0,,,,,,,,,,
1,,,2026-03-12_16h11.34,ant_ver113,2025.2.3,MacIntel,71.42857143,117156,117156,,,,,,,,,,,,,,,,,,,,,,,,,,222.977,244.921,space,11.917,,,,,,
1,,,2026-03-12_16h11.34,ant_ver113,2025.2.3,MacIntel,71.42857143,117156,117156,,,,,244.935,246.037,1.1,246.037,250.037,right,1,1.3,,,,,,,,,stim/lower.png,stim/incongRight.png,-1,right,0,,,,,,0,0,0,19,1
1,,,2026-03-12_16h11.34,ant_ver113,2025.2.3,MacIntel,71.42857143,117156,117156,,,,,250.038,250.487,0.45,250.487,254.487,right,1,0.597,,,,,,,,,stim/upper.png,stim/congRight.png,1,right,0,,,,,,0,1,1,30,1
1,,,2026-03-12_16h11.34,ant_ver113,2025.2.3,MacIntel,71.42857143,117156,117156,,,,,254.487,255.238,0.75,255.238,259.239,left,1,0.631,,,,,,,,,stim/both.png,stim/neutralLeft.png,-1,left,0,,,,,,0,2,2,17,1
1,,,2026-03-12_16h11.34,ant_ver113,2025.2.3,MacIntel,71.42857143,117156,117156,,,,,259.24,260.438,1.2,260.439,264.438,left,1,0.549,,,,,,,,,stim/upper.png,stim/congLeft.png,1,left,0,,,,,,0,3,3,24,1
1,,,2026-03-12_16h11.34,ant_ver113,2025.2.3,MacIntel,71.42857143,117156,117156,,,,,264.439,264.888,0.45,264.888,268.888,left,1,0.535,,,,,,,,,stim/centre.png,stim/neutralLeft.png,-1,left,0,,,,,,0,4,4,14,1
1,,,2026-03-12_16h11.34,ant_ver113,2025.2.3,MacIntel,71.42857143,117156,117156,,,,,268.888,269.886,1,269.887,273.886,right,1,0.514,,,,,,,,,stim/lower.png,stim/neutralRight.png,-1,right,0,,,,,,0,5,5,28,1
1,,,2026-03-12_16h11.34,ant_ver113,2025.2.3,MacIntel,71.42857143,117156,117156,,,,,273.887,274.637,0.75,274.637,278.638,right,1,0.75,,,,,,,,,stim/centre.png,stim/incongRight.png,-1,right,0,,,,,,0,6,6,25,1
1,,,2026-03-12_16h11.34,ant_ver113,2025.2.3,MacIntel,71.42857143,117156,117156,,,,,278.638,279.237,0.6,279.238,283.237,left,1,0.75,,,,,,,,,stim/blank.png,stim/congLeft.png,-1,left,0,,,,,,0,7,7,15,1
1,,,2026-03-12_16h11.34,ant_ver113,2025.2.3,MacIntel,71.42857143,117156,117156,,,,,283.237,283.837,0.6,283.838,287.839,right,1,0.734,,,,,,,,,stim/both.png,stim/incongRight.png,1,right,0,,,,,,0,8,8,44,1
1,,,2026-03-12_16h11.34,ant_ver113,2025.2.3,MacIntel,71.42857143,117156,117156,,,,,287.839,289.286,1.45,289.287,293.286,right,1,0.583,,,,,,,,,stim/both.png,stim/congRight.png,-1,right,0,,,,,,0,9,9,13,1
1,,,2026-03-12_16h11.34,ant_ver113,2025.2.3,MacIntel,71.42857143,117156,117156,,,,,293.286,294.787,1.5,294.787,298.788,left,1,0.949,,,,,,,,,stim/centre.png,stim/incongLeft.png,1,left,0,,,,,,0,10,10,46,1
1,,,2026-03-12_16h11.34,ant_ver113,2025.2.3,MacIntel,71.42857143,117156,117156,,,,,298.788,299.736,0.95,299.736,303.736,,0,,,,,,,,,,stim/both.png,stim/neutralRight.png,-1,right,0,,,,,,0,11,11,41,1
1,,,2026-03-12_16h11.34,ant_ver113,2025.2.3,MacIntel,71.42857143,117156,117156,,,,,303.737,304.236,0.5,304.237,308.236,left,1,0.784,,,,,,,,,stim/both.png,stim/incongLeft.png,-1,left,0,,,,,,0,12,12,37,1
1,,,2026-03-12_16h11.34,ant_ver113,2025.2.3,MacIntel,71.42857143,117156,117156,,,,,308.237,309.187,0.95,309.188,313.188,left,1,0.766,,,,,,,,,stim/upper.png,stim/incongLeft.png,1,left,0,,,,,,0,13,13,33,1
1,,,2026-03-12_16h11.34,ant_ver113,2025.2.3,MacIntel,71.42857143,117156,117156,,,,,313.188,314.588,1.4,314.589,318.586,right,1,0.7,,,,,,,,,stim/both.png,stim/incongRight.png,-1,right,0,,,,,,0,14,14,3,1
1,,,2026-03-12_16h11.34,ant_ver113,2025.2.3,MacIntel,71.42857143,117156,117156,,,,,318.588,319.236,0.65,319.236,323.236,left,1,1.25,,,,,,,,,stim/blank.png,stim/incongLeft.png,-1,left,0,,,,,,0,15,15,16,1
1,,,2026-03-12_16h11.34,ant_ver113,2025.2.3,MacIntel,71.42857143,117156,117156,,,,,323.236,324.787,1.55,324.787,328.789,right,1,0.464,,,,,,,,,stim/lower.png,stim/congRight.png,-1,right,0,,,,,,0,16,16,43,1
1,,,2026-03-12_16h11.34,ant_ver113,2025.2.3,MacIntel,71.42857143,117156,117156,,,,,328.79,330.187,1.4,330.187,334.189,left,1,0.585,,,,,,,,,stim/upper.png,stim/neutralLeft.png,1,left,0,,,,,,0,17,17,8,1
1,,,2026-03-12_16h11.34,ant_ver113,2025.2.3,MacIntel,71.42857143,117156,117156,,,,,334.19,335.539,1.35,335.54,339.539,left,1,0.967,,,,,,,,,stim/blank.png,stim/neutralLeft.png,-1,left,0,,,,,,0,18,18,32,1
1,,,2026-03-12_16h11.34,ant_ver113,2025.2.3,MacIntel,71.42857143,117156,117156,,,,,339.54,341.039,1.5,341.04,345.039,left,1,0.582,,,,,,,,,stim/both.png,stim/congLeft.png,-1,left,0,,,,,,0,19,19,5,1
1,,,2026-03-12_16h11.34,ant_ver113,2025.2.3,MacIntel,71.42857143,117156,117156,,,,,345.039,345.989,0.95,345.99,349.99,right,1,0.866,,,,,,,,,stim/blank.png,stim/neutralRight.png,1,right,0,,,,,,0,20,20,39,1
1,,,2026-03-12_16h11.34,ant_ver113,2025.2.3,MacIntel,71.42857143,117156,117156,,,,,349.99,350.939,0.95,350.94,354.939,left,1,0.917,,,,,,,,,stim/both.png,stim/incongLeft.png,1,left,0,,,,,,0,21,21,1,1
1,,,2026-03-12_16h11.34,ant_ver113,2025.2.3,MacIntel,71.42857143,117156,117156,,,,,354.939,355.99,1.05,355.99,359.989,right,1,0.565,,,,,,,,,stim/centre.png,stim/congRight.png,-1,right,0,,,,,,0,22,22,0,1
1,,,2026-03-12_16h11.34,ant_ver113,2025.2.3,MacIntel,71.42857143,117156,117156,,,,,359.99,360.789,0.8,360.79,364.789,left,1,1.515,,,,,,,,,stim/centre.png,stim/neutralLeft.png,1,left,0,,,,,,0,23,23,22,1
1,,,2026-03-12_16h11.34,ant_ver113,2025.2.3,MacIntel,71.42857143,117156,117156,,,,,364.789,365.439,0.65,365.44,369.44,left,1,0.668,,,,,,,,,stim/blank.png,stim/congLeft.png,1,left,0,,,,,,0,24,24,6,1
1,,,2026-03-12_16h11.34,ant_ver113,2025.2.3,MacIntel,71.42857143,117156,117156,,,,,369.44,370.639,1.2,370.64,374.64,left,1,0.599,,,,,,,,,stim/centre.png,stim/congLeft.png,1,left,0,,,,,,0,25,25,4,1
1,,,2026-03-12_16h11.34,ant_ver113,2025.2.3,MacIntel,71.42857143,117156,117156,,,,,374.64,375.889,1.25,375.889,379.885,right,1,1.082,,,,,,,,,stim/blank.png,stim/congRight.png,1,right,0,,,,,,0,26,26,45,1
1,,,2026-03-12_16h11.34,ant_ver113,2025.2.3,MacIntel,71.42857143,117156,117156,,,,,379.886,381.436,1.55,381.436,385.435,left,1,0.667,,,,,,,,,stim/lower.png,stim/incongLeft.png,-1,left,0,,,,,,0,27,27,10,1
1,,,2026-03-12_16h11.34,ant_ver113,2025.2.3,MacIntel,71.42857143,117156,117156,,,,,385.436,386.385,0.95,386.385,390.385,right,1,0.565,,,,,,,,,stim/both.png,stim/congRight.png,1,right,0,,,,,,0,28,28,47,1
1,,,2026-03-12_16h11.34,ant_ver113,2025.2.3,MacIntel,71.42857143,117156,117156,,,,,390.385,391.485,1.1,391.486,395.485,right,1,0.7,,,,,,,,,stim/upper.png,stim/neutralRight.png,1,right,0,,,,,,0,29,29,27,1
1,,,2026-03-12_16h11.34,ant_ver113,2025.2.3,MacIntel,71.42857143,117156,117156,,,,,395.485,396.485,1,396.485,400.485,left,1,0.484,,,,,,,,,stim/lower.png,stim/neutralLeft.png,-1,left,0,,,,,,0,30,30,38,1
1,,,2026-03-12_16h11.34,ant_ver113,2025.2.3,MacIntel,71.42857143,117156,117156,,,,,400.486,401.535,1.05,401.536,405.536,right,1,1.085,,,,,,,,,stim/centre.png,stim/incongRight.png,1,right,0,,,,,,0,31,31,26,1
1,,,2026-03-12_16h11.34,ant_ver113,2025.2.3,MacIntel,71.42857143,117156,117156,,,,,405.537,406.937,1.4,406.937,410.935,left,1,0.669,,,,,,,,,stim/centre.png,stim/incongLeft.png,-1,left,0,,,,,,0,32,32,21,1
1,,,2026-03-12_16h11.34,ant_ver113,2025.2.3,MacIntel,71.42857143,117156,117156,,,,,410.935,412.188,1.25,412.189,416.189,right,1,0.565,,,,,,,,,stim/upper.png,stim/incongRight.png,1,right,0,,,,,,0,33,33,11,1
1,,,2026-03-12_16h11.34,ant_ver113,2025.2.3,MacIntel,71.42857143,117156,117156,,,,,416.189,416.788,0.6,416.789,420.789,right,1,0.684,,,,,,,,,stim/blank.png,stim/neutralRight.png,-1,right,0,,,,,,0,34,34,36,1
1,,,2026-03-12_16h11.34,ant_ver113,2025.2.3,MacIntel,71.42857143,117156,117156,,,,,420.789,421.739,0.95,421.739,425.738,right,1,0.883,,,,,,,,,stim/blank.png,stim/incongRight.png,-1,right,0,,,,,,0,35,35,7,1
1,,,2026-03-12_16h11.34,ant_ver113,2025.2.3,MacIntel,71.42857143,117156,117156,,,,,425.739,426.788,1.05,426.789,430.788,left,1,0.466,,,,,,,,,stim/lower.png,stim/congLeft.png,-1,left,0,,,,,,0,36,36,12,1
1,,,2026-03-12_16h11.34,ant_ver113,2025.2.3,MacIntel,71.42857143,117156,117156,,,,,430.788,432.288,1.5,432.289,436.289,left,1,0.717,,,,,,,,,stim/blank.png,stim/neutralLeft.png,1,left,0,,,,,,0,37,37,42,1
1,,,2026-03-12_16h11.34,ant_ver113,2025.2.3,MacIntel,71.42857143,117156,117156,,,,,436.289,437.588,1.3,437.588,441.588,left,1,0.685,,,,,,,,,stim/blank.png,stim/incongLeft.png,1,left,0,,,,,,0,38,38,20,1
1,,,2026-03-12_16h11.34,ant_ver113,2025.2.3,MacIntel,71.42857143,117156,117156,,,,,441.589,442.738,1.15,442.739,446.739,right,1,0.766,,,,,,,,,stim/blank.png,stim/congRight.png,-1,right,0,,,,,,0,39,39,18,1
1,,,2026-03-12_16h11.34,ant_ver113,2025.2.3,MacIntel,71.42857143,117156,117156,,,,,446.739,447.939,1.2,447.939,451.938,right,1,0.865,,,,,,,,,stim/centre.png,stim/neutralRight.png,-1,right,0,,,,,,0,40,40,35,1
1,,,2026-03-12_16h11.34,ant_ver113,2025.2.3,MacIntel,71.42857143,117156,117156,,,,,451.938,452.538,0.6,452.539,456.538,left,1,0.467,,,,,,,,,stim/both.png,stim/congLeft.png,1,left,0,,,,,,0,41,41,34,1
1,,,2026-03-12_16h11.34,ant_ver113,2025.2.3,MacIntel,71.42857143,117156,117156,,,,,456.539,457.887,1.35,457.888,461.888,left,1,0.515,,,,,,,,,stim/both.png,stim/neutralLeft.png,1,left,0,,,,,,0,42,42,31,1
1,,,2026-03-12_16h11.34,ant_ver113,2025.2.3,MacIntel,71.42857143,117156,117156,,,,,461.888,463.138,1.25,463.139,467.138,right,1,0.516,,,,,,,,,stim/both.png,stim/neutralRight.png,1,right,0,,,,,,0,43,43,23,1
1,,,2026-03-12_16h11.34,ant_ver113,2025.2.3,MacIntel,71.42857143,117156,117156,,,,,467.139,468.188,1.05,468.189,472.188,right,1,0.651,,,,,,,,,stim/centre.png,stim/congRight.png,1,right,0,,,,,,0,44,44,2,1
1,,,2026-03-12_16h11.34,ant_ver113,2025.2.3,MacIntel,71.42857143,117156,117156,,,,,472.189,472.688,0.5,472.688,476.688,right,1,0.85,,,,,,,,,stim/centre.png,stim/neutralRight.png,1,right,0,,,,,,0,45,45,29,1
1,,,2026-03-12_16h11.34,ant_ver113,2025.2.3,MacIntel,71.42857143,117156,117156,,,,,476.688,478.088,1.4,478.088,482.087,,0,,,,,,,,,,stim/blank.png,stim/incongRight.png,1,right,0,,,,,,0,46,46,40,1
1,,,2026-03-12_16h11.34,ant_ver113,2025.2.3,MacIntel,71.42857143,117156,117156,,,,,482.088,483.087,1,483.088,487.087,left,1,0.616,,,,,,,,,stim/centre.png,stim/congLeft.png,-1,left,0,,,,,,0,47,47,9,1
1,,,2026-03-12_16h11.34,ant_ver113,2025.2.3,MacIntel,71.42857143,117156,117156,,,,,487.088,487.638,0.55,487.638,491.637,right,1,0.649,,,,,,,,,stim/both.png,stim/congRight.png,-1,right,0,,,,,,1,0,48,13,1
1,,,2026-03-12_16h11.34,ant_ver113,2025.2.3,MacIntel,71.42857143,117156,117156,,,,,491.638,492.137,0.5,492.138,496.137,left,1,0.636,,,,,,,,,stim/blank.png,stim/neutralLeft.png,-1,left,0,,,,,,1,1,49,32,1
1,,,2026-03-12_16h11.34,ant_ver113,2025.2.3,MacIntel,71.42857143,117156,117156,,,,,496.139,497.388,1.25,497.388,501.387,left,1,1.001,,,,,,,,,stim/both.png,stim/incongLeft.png,-1,left,0,,,,,,1,2,50,37,1
1,,,2026-03-12_16h11.34,ant_ver113,2025.2.3,MacIntel,71.42857143,117156,117156,,,,,501.388,502.237,0.85,502.238,506.237,right,1,0.702,,,,,,,,,stim/both.png,stim/incongRight.png,1,right,0,,,,,,1,3,51,44,1
1,,,2026-03-12_16h11.34,ant_ver113,2025.2.3,MacIntel,71.42857143,117156,117156,,,,,506.238,506.637,0.4,506.637,510.638,left,1,0.55,,,,,,,,,stim/centre.png,stim/congLeft.png,-1,left,0,,,,,,1,4,52,9,1
1,,,2026-03-12_16h11.34,ant_ver113,2025.2.3,MacIntel,71.42857143,117156,117156,,,,,510.638,511.587,0.95,511.587,515.587,left,1,0.732,,,,,,,,,stim/both.png,stim/congLeft.png,1,left,0,,,,,,1,5,53,34,1
1,,,2026-03-12_16h11.34,ant_ver113,2025.2.3,MacIntel,71.42857143,117156,117156,,,,,515.587,516.488,0.9,516.488,520.488,left,1,0.683,,,,,,,,,stim/upper.png,stim/incongLeft.png,1,left,0,,,,,,1,6,54,33,1
1,,,2026-03-12_16h11.34,ant_ver113,2025.2.3,MacIntel,71.42857143,117156,117156,,,,,520.488,521.587,1.1,521.588,525.587,left,1,0.532,,,,,,,,,stim/both.png,stim/neutralLeft.png,1,left,0,,,,,,1,7,55,31,1
1,,,2026-03-12_16h11.34,ant_ver113,2025.2.3,MacIntel,71.42857143,117156,117156,,,,,525.588,527.037,1.45,527.037,531.037,left,1,0.549,,,,,,,,,stim/lower.png,stim/neutralLeft.png,-1,left,0,,,,,,1,8,56,38,1
1,,,2026-03-12_16h11.34,ant_ver113,2025.2.3,MacIntel,71.42857143,117156,117156,,,,,531.038,532.437,1.4,532.438,536.437,right,1,0.517,,,,,,,,,stim/both.png,stim/congRight.png,1,right,0,,,,,,1,9,57,47,1
1,,,2026-03-12_16h11.34,ant_ver113,2025.2.3,MacIntel,71.42857143,117156,117156,,,,,536.438,537.637,1.2,537.637,541.637,left,1,0.517,,,,,,,,,stim/blank.png,stim/congLeft.png,-1,left,0,,,,,,1,10,58,15,1
1,,,2026-03-12_16h11.34,ant_ver113,2025.2.3,MacIntel,71.42857143,117156,117156,,,,,541.638,543.087,1.45,543.087,547.086,left,1,0.55,,,,,,,,,stim/centre.png,stim/neutralLeft.png,1,left,0,,,,,,1,11,59,22,1
1,,,2026-03-12_16h11.34,ant_ver113,2025.2.3,MacIntel,71.42857143,117156,117156,,,,,547.087,548.237,1.15,548.238,552.237,right,0,1.366,,,,,,,,,stim/centre.png,stim/incongLeft.png,-1,left,0,,,,,,1,12,60,21,1
1,,,2026-03-12_16h11.34,ant_ver113,2025.2.3,MacIntel,71.42857143,117156,117156,,,,,552.237,552.737,0.5,552.737,556.737,left,1,0.801,,,,,,,,,stim/both.png,stim/neutralLeft.png,-1,left,0,,,,,,1,13,61,17,1
1,,,2026-03-12_16h11.34,ant_ver113,2025.2.3,MacIntel,71.42857143,117156,117156,,,,,556.737,557.387,0.65,557.387,561.387,right,1,0.467,,,,,,,,,stim/upper.png,stim/neutralRight.png,1,right,0,,,,,,1,14,62,27,1
1,,,2026-03-12_16h11.34,ant_ver113,2025.2.3,MacIntel,71.42857143,117156,117156,,,,,561.387,562.337,0.95,562.337,566.337,right,1,0.767,,,,,,,,,stim/centre.png,stim/neutralRight.png,-1,right,0,,,,,,1,15,63,35,1
1,,,2026-03-12_16h11.34,ant_ver113,2025.2.3,MacIntel,71.42857143,117156,117156,,,,,566.337,567.287,0.95,567.287,571.287,left,1,0.982,,,,,,,,,stim/lower.png,stim/incongLeft.png,-1,left,0,,,,,,1,16,64,10,1
1,,,2026-03-12_16h11.34,ant_ver113,2025.2.3,MacIntel,71.42857143,117156,117156,,,,,571.287,571.887,0.6,571.888,575.887,left,1,1.017,,,,,,,,,stim/both.png,stim/congLeft.png,-1,left,0,,,,,,1,17,65,5,1
1,,,2026-03-12_16h11.34,ant_ver113,2025.2.3,MacIntel,71.42857143,117156,117156,,,,,575.887,577.336,1.45,577.336,581.337,,0,,,,,,,,,,stim/blank.png,stim/congRight.png,1,right,0,,,,,,1,18,66,45,1
1,,,2026-03-12_16h11.34,ant_ver113,2025.2.3,MacIntel,71.42857143,117156,117156,,,,,581.338,582.736,1.4,582.737,586.737,right,1,1.483,,,,,,,,,stim/blank.png,stim/incongRight.png,-1,right,0,,,,,,1,19,67,7,1
1,,,2026-03-12_16h11.34,ant_ver113,2025.2.3,MacIntel,71.42857143,117156,117156,,,,,586.737,587.586,0.85,587.587,591.587,right,1,0.533,,,,,,,,,stim/upper.png,stim/congRight.png,1,right,0,,,,,,1,20,68,30,1
1,,,2026-03-12_16h11.34,ant_ver113,2025.2.3,MacIntel,71.42857143,117156,117156,,,,,591.587,592.386,0.8,592.387,596.386,right,1,0.766,,,,,,,,,stim/both.png,stim/incongRight.png,-1,right,0,,,,,,1,21,69,3,1
1,,,2026-03-12_16h11.34,ant_ver113,2025.2.3,MacIntel,71.42857143,117156,117156,,,,,596.387,597.136,0.75,597.137,601.136,right,1,0.501,,,,,,,,,stim/lower.png,stim/congRight.png,-1,right,0,,,,,,1,22,70,43,1
1,,,2026-03-12_16h11.34,ant_ver113,2025.2.3,MacIntel,71.42857143,117156,117156,,,,,601.136,602.036,0.9,602.036,606.037,right,1,0.568,,,,,,,,,stim/blank.png,stim/congRight.png,-1,right,0,,,,,,1,23,71,18,1
1,,,2026-03-12_16h11.34,ant_ver113,2025.2.3,MacIntel,71.42857143,117156,117156,,,,,606.037,607.437,1.4,607.437,611.436,left,1,0.583,,,,,,,,,stim/centre.png,stim/congLeft.png,1,left,0,,,,,,1,24,72,4,1
1,,,2026-03-12_16h11.34,ant_ver113,2025.2.3,MacIntel,71.42857143,117156,117156,,,,,611.437,612.986,1.55,612.986,616.986,left,1,0.564,,,,,,,,,stim/upper.png,stim/neutralLeft.png,1,left,0,,,,,,1,25,73,8,1
1,,,2026-03-12_16h11.34,ant_ver113,2025.2.3,MacIntel,71.42857143,117156,117156,,,,,616.986,617.486,0.5,617.487,621.486,left,1,0.752,,,,,,,,,stim/blank.png,stim/neutralLeft.png,1,left,0,,,,,,1,26,74,42,1
1,,,2026-03-12_16h11.34,ant_ver113,2025.2.3,MacIntel,71.42857143,117156,117156,,,,,621.487,622.836,1.35,622.837,626.836,right,1,0.583,,,,,,,,,stim/blank.png,stim/incongRight.png,1,right,0,,,,,,1,27,75,40,1
1,,,2026-03-12_16h11.34,ant_ver113,2025.2.3,MacIntel,71.42857143,117156,117156,,,,,626.836,628.386,1.55,628.387,632.385,right,1,0.598,,,,,,,,,stim/centre.png,stim/congRight.png,-1,right,0,,,,,,1,28,76,0,1
1,,,2026-03-12_16h11.34,ant_ver113,2025.2.3,MacIntel,71.42857143,117156,117156,,,,,632.385,633.335,0.95,633.336,637.336,left,1,0.634,,,,,,,,,stim/blank.png,stim/congLeft.png,1,left,0,,,,,,1,29,77,6,1
1,,,2026-03-12_16h11.34,ant_ver113,2025.2.3,MacIntel,71.42857143,117156,117156,,,,,637.336,637.886,0.55,637.886,641.886,right,1,0.468,,,,,,,,,stim/both.png,stim/neutralRight.png,1,right,0,,,,,,1,30,78,23,1
1,,,2026-03-12_16h11.34,ant_ver113,2025.2.3,MacIntel,71.42857143,117156,117156,,,,,641.886,643.035,1.15,643.036,647.036,right,0,0.998,,,,,,,,,stim/blank.png,stim/incongLeft.png,-1,left,0,,,,,,1,31,79,16,1
1,,,2026-03-12_16h11.34,ant_ver113,2025.2.3,MacIntel,71.42857143,117156,117156,,,,,647.036,647.586,0.55,647.586,651.586,right,1,0.616,,,,,,,,,stim/both.png,stim/neutralRight.png,-1,right,0,,,,,,1,32,80,41,1
1,,,2026-03-12_16h11.34,ant_ver113,2025.2.3,MacIntel,71.42857143,117156,117156,,,,,651.586,652.736,1.15,652.736,656.735,right,1,0.966,,,,,,,,,stim/upper.png,stim/incongRight.png,1,right,0,,,,,,1,33,81,11,1
1,,,2026-03-12_16h11.34,ant_ver113,2025.2.3,MacIntel,71.42857143,117156,117156,,,,,656.735,657.285,0.55,657.285,661.286,right,1,0.633,,,,,,,,,stim/blank.png,stim/neutralRight.png,1,right,0,,,,,,1,34,82,39,1
1,,,2026-03-12_16h11.34,ant_ver113,2025.2.3,MacIntel,71.42857143,117156,117156,,,,,661.287,662.136,0.85,662.137,666.136,right,1,0.765,,,,,,,,,stim/centre.png,stim/incongRight.png,-1,right,0,,,,,,1,35,83,25,1
1,,,2026-03-12_16h11.34,ant_ver113,2025.2.3,MacIntel,71.42857143,117156,117156,,,,,666.136,667.186,1.05,667.186,671.185,right,1,0.518,,,,,,,,,stim/centre.png,stim/congRight.png,1,right,0,,,,,,1,36,84,2,1
1,,,2026-03-12_16h11.34,ant_ver113,2025.2.3,MacIntel,71.42857143,117156,117156,,,,,671.186,672.235,1.05,672.236,676.235,left,1,0.683,,,,,,,,,stim/lower.png,stim/congLeft.png,-1,left,0,,,,,,1,37,85,12,1
1,,,2026-03-12_16h11.34,ant_ver113,2025.2.3,MacIntel,71.42857143,117156,117156,,,,,676.236,677.685,1.45,677.685,681.686,right,1,0.634,,,,,,,,,stim/lower.png,stim/incongRight.png,-1,right,0,,,,,,1,38,86,19,1
1,,,2026-03-12_16h11.34,ant_ver113,2025.2.3,MacIntel,71.42857143,117156,117156,,,,,681.686,683.085,1.4,683.086,687.085,right,1,0.8,,,,,,,,,stim/centre.png,stim/incongRight.png,1,right,0,,,,,,1,39,87,26,1
1,,,2026-03-12_16h11.34,ant_ver113,2025.2.3,MacIntel,71.42857143,117156,117156,,,,,687.086,687.935,0.85,687.936,691.935,left,1,1,,,,,,,,,stim/both.png,stim/incongLeft.png,1,left,0,,,,,,1,40,88,1,1
1,,,2026-03-12_16h11.34,ant_ver113,2025.2.3,MacIntel,71.42857143,117156,117156,,,,,691.935,693.034,1.1,693.035,697.035,left,1,0.785,,,,,,,,,stim/blank.png,stim/incongLeft.png,1,left,0,,,,,,1,41,89,20,1
1,,,2026-03-12_16h11.34,ant_ver113,2025.2.3,MacIntel,71.42857143,117156,117156,,,,,697.036,698.135,1.1,698.136,702.135,left,1,0.481,,,,,,,,,stim/upper.png,stim/congLeft.png,1,left,0,,,,,,1,42,90,24,1
1,,,2026-03-12_16h11.34,ant_ver113,2025.2.3,MacIntel,71.42857143,117156,117156,,,,,702.135,703.685,1.55,703.685,707.684,left,1,0.582,,,,,,,,,stim/centre.png,stim/neutralLeft.png,-1,left,0,,,,,,1,43,91,14,1
1,,,2026-03-12_16h11.34,ant_ver113,2025.2.3,MacIntel,71.42857143,117156,117156,,,,,707.685,709.035,1.35,709.035,713.035,right,1,0.497,,,,,,,,,stim/centre.png,stim/neutralRight.png,1,right,0,,,,,,1,44,92,29,1
1,,,2026-03-12_16h11.34,ant_ver113,2025.2.3,MacIntel,71.42857143,117156,117156,,,,,713.035,713.634,0.6,713.634,717.635,right,1,0.651,,,,,,,,,stim/lower.png,stim/neutralRight.png,-1,right,0,,,,,,1,45,93,28,1
1,,,2026-03-12_16h11.34,ant_ver113,2025.2.3,MacIntel,71.42857143,117156,117156,,,,,717.635,718.435,0.8,718.435,722.435,right,1,0.55,,,,,,,,,stim/blank.png,stim/neutralRight.png,-1,right,0,,,,,,1,46,94,36,1
1,,,2026-03-12_16h11.34,ant_ver113,2025.2.3,MacIntel,71.42857143,117156,117156,,,,,722.435,723.084,0.65,723.085,727.085,left,1,0.934,,,,,,,,,stim/centre.png,stim/incongLeft.png,1,left,0,,,,,,1,47,95,46,1
