PreExperiment.started,PreExperiment.stopped,date,expName,psychopyVersion,OS,frameRate,id,PracInstruc.started,PracInstruc.stopped,PracInstruct2.started,PracInstruct2.stopped,fixation.started,fixation.stopped,fixDuration,trial.started,trial.stopped,resp.keys,resp.corr,resp.rt,resp.duration,feedback.started,feedback.stopped,pracLoop.thisRepN,pracLoop.thisTrialN,pracLoop.thisN,pracLoop.thisIndex,pracLoop.ran,cue,tar,pos_loc,corrAns,targOrientation,MainInstruc.started,MainInstruc.stopped,instResp.keys,instResp.rt,instResp.duration,mainLoop.thisRepN,mainLoop.thisTrialN,mainLoop.thisN,mainLoop.thisIndex,mainLoop.ran,Rest.started,Rest.stopped,blockLoop.thisRepN,blockLoop.thisTrialN,blockLoop.thisN,blockLoop.thisIndex,blockLoop.ran,End.started,End.stopped
0.0007,11.7177,2026-01-20_13h46.43.819,ant_ver113,2025.2.3,Win32,58.82352941,126309,,,,,,,,,,,,,,,,,,,,,,,,,,,,,,,,,,,,,,,,,,,,
,,2026-01-20_13h46.43.819,ant_ver113,2025.2.3,Win32,58.82352941,126309,11.7182,28.497,,,,,,,,,,,,,,,,,,,,,,,,,,,,,,,,,,,,,,,,,,
,,2026-01-20_13h46.43.819,ant_ver113,2025.2.3,Win32,58.82352941,126309,,,28.4974,40.0025,,,,,,,,,,,,,,,,,,,,,,,,,,,,,,,,,,,,,,,,
,,2026-01-20_13h46.43.819,ant_ver113,2025.2.3,Win32,58.82352941,126309,,,,,40.0412,40.4866,0.45,40.4887,44.4797,left,1,0.8186,,44.48,45.4797,0,0,0,22,1,stim/centre.png,stim/neutralLeft.png,1,left,0,,,,,,,,,,,,,,,,,,,
,,2026-01-20_13h46.43.819,ant_ver113,2025.2.3,Win32,58.82352941,126309,,,,,45.481,46.7793,1.3,46.7806,50.7799,right,1,0.8676,,50.7815,51.7794,0,1,1,19,1,stim/lower.png,stim/incongRight.png,-1,right,0,,,,,,,,,,,,,,,,,,,
,,2026-01-20_13h46.43.819,ant_ver113,2025.2.3,Win32,58.82352941,126309,,,,,51.7804,53.0801,1.3,53.0819,57.0767,left,1,0.7647,,57.0794,58.0695,0,2,2,10,1,stim/lower.png,stim/incongLeft.png,-1,left,0,,,,,,,,,,,,,,,,,,,
,,2026-01-20_13h46.43.819,ant_ver113,2025.2.3,Win32,58.82352941,126309,,,,,58.0709,58.7587,0.7,58.7606,62.7625,left,1,0.5385,,62.7632,63.7471,0,3,3,15,1,stim/blank.png,stim/congLeft.png,-1,left,0,,,,,,,,,,,,,,,,,,,
,,2026-01-20_13h46.43.819,ant_ver113,2025.2.3,Win32,58.82352941,126309,,,,,63.7476,64.2466,0.5,64.2475,68.2407,right,1,0.6334,,68.2419,69.2563,0,4,4,7,1,stim/blank.png,stim/incongRight.png,-1,right,0,,,,,,,,,,,,,,,,,,,
,,2026-01-20_13h46.43.819,ant_ver113,2025.2.3,Win32,58.82352941,126309,,,,,69.2572,70.1959,0.95,70.1973,74.1882,right,1,0.734,,74.1895,75.1959,0,5,5,11,1,stim/upper.png,stim/incongRight.png,1,right,0,,,,,,,,,,,,,,,,,,,
,,2026-01-20_13h46.43.819,ant_ver113,2025.2.3,Win32,58.82352941,126309,,,,,75.1964,75.839,0.65,75.8401,79.8295,left,1,0.799,,79.8305,80.8289,0,6,6,21,1,stim/centre.png,stim/incongLeft.png,-1,left,0,,,,,,,,,,,,,,,,,,,
,,2026-01-20_13h46.43.819,ant_ver113,2025.2.3,Win32,58.82352941,126309,,,,,80.8296,82.2798,1.45,82.2809,86.2759,left,1,0.7186,,86.2776,87.2744,0,7,7,16,1,stim/blank.png,stim/incongLeft.png,-1,left,0,,,,,,,,,,,,,,,,,,,
,,2026-01-20_13h46.43.819,ant_ver113,2025.2.3,Win32,58.82352941,126309,,,,,87.2755,88.8297,1.55,88.8307,92.8297,right,1,0.8493,,92.8306,93.8371,0,8,8,13,1,stim/both.png,stim/congRight.png,-1,right,0,,,,,,,,,,,,,,,,,,,
,,2026-01-20_13h46.43.819,ant_ver113,2025.2.3,Win32,58.82352941,126309,,,,,93.8379,94.5798,0.75,94.5815,98.5794,left,1,0.7126,,98.5806,99.5793,0,9,9,4,1,stim/centre.png,stim/congLeft.png,1,left,0,,,,,,,,,,,,,,,,,,,
,,2026-01-20_13h46.43.819,ant_ver113,2025.2.3,Win32,58.82352941,126309,,,,,99.58,101.1294,1.55,101.1311,105.1295,left,1,0.599,,105.1306,106.1309,0,10,10,9,1,stim/centre.png,stim/congLeft.png,-1,left,0,,,,,,,,,,,,,,,,,,,
,,2026-01-20_13h46.43.819,ant_ver113,2025.2.3,Win32,58.82352941,126309,,,,,106.1314,107.2313,1.1,107.2326,111.2243,right,1,0.6137,,111.2259,112.2382,0,11,11,3,1,stim/both.png,stim/incongRight.png,-1,right,0,,,,,,,,,,,,,,,,,,,
,,2026-01-20_13h46.43.819,ant_ver113,2025.2.3,Win32,58.82352941,126309,,,,,112.2389,112.8912,0.65,112.8928,116.884,left,1,0.5404,,116.8856,117.8903,0,12,12,5,1,stim/both.png,stim/congLeft.png,-1,left,0,,,,,,,,,,,,,,,,,,,
,,2026-01-20_13h46.43.819,ant_ver113,2025.2.3,Win32,58.82352941,126309,,,,,117.8912,118.4422,0.55,118.4438,122.4463,left,1,0.6687,,122.4477,123.4461,0,13,13,20,1,stim/blank.png,stim/incongLeft.png,1,left,0,,,,,,,,,,,,,,,,,,,
,,2026-01-20_13h46.43.819,ant_ver113,2025.2.3,Win32,58.82352941,126309,,,,,123.4467,124.1904,0.75,124.1919,128.186,left,1,0.599,,128.1873,129.1882,0,14,14,14,1,stim/centre.png,stim/neutralLeft.png,-1,left,0,,,,,,,,,,,,,,,,,,,
,,2026-01-20_13h46.43.819,ant_ver113,2025.2.3,Win32,58.82352941,126309,,,,,129.1893,130.4403,1.25,130.4419,134.4314,right,1,0.4977,,134.4325,135.4357,0,15,15,23,1,stim/both.png,stim/neutralRight.png,1,right,0,,,,,,,,,,,,,,,,,,,
,,2026-01-20_13h46.43.819,ant_ver113,2025.2.3,Win32,58.82352941,126309,,,,,135.4361,136.8378,1.4,136.8393,140.8283,left,1,0.4685,,140.8295,141.8287,0,16,16,12,1,stim/lower.png,stim/congLeft.png,-1,left,0,,,,,,,,,,,,,,,,,,,
,,2026-01-20_13h46.43.819,ant_ver113,2025.2.3,Win32,58.82352941,126309,,,,,141.8293,142.5287,0.7,142.5301,146.5287,right,1,0.4904,,146.5303,147.5295,0,17,17,2,1,stim/centre.png,stim/congRight.png,1,right,0,,,,,,,,,,,,,,,,,,,
,,2026-01-20_13h46.43.819,ant_ver113,2025.2.3,Win32,58.82352941,126309,,,,,147.5303,148.8843,1.35,148.8851,152.8782,left,1,0.4007,,152.8792,153.8893,0,18,18,8,1,stim/upper.png,stim/neutralLeft.png,1,left,0,,,,,,,,,,,,,,,,,,,
,,2026-01-20_13h46.43.819,ant_ver113,2025.2.3,Win32,58.82352941,126309,,,,,153.89,155.1286,1.25,155.1297,159.1288,right,1,0.5009,,159.1302,160.1242,0,19,19,18,1,stim/blank.png,stim/congRight.png,-1,right,0,,,,,,,,,,,,,,,,,,,
,,2026-01-20_13h46.43.819,ant_ver113,2025.2.3,Win32,58.82352941,126309,,,,,160.1251,161.0227,0.9,161.0244,165.0175,right,1,0.4817,,165.0192,166.0244,0,20,20,0,1,stim/centre.png,stim/congRight.png,-1,right,0,,,,,,,,,,,,,,,,,,,
,,2026-01-20_13h46.43.819,ant_ver113,2025.2.3,Win32,58.82352941,126309,,,,,166.0252,167.1705,1.15,167.1725,171.1614,left,1,0.3941,,171.1626,172.1614,0,21,21,6,1,stim/blank.png,stim/congLeft.png,1,left,0,,,,,,,,,,,,,,,,,,,
,,2026-01-20_13h46.43.819,ant_ver113,2025.2.3,Win32,58.82352941,126309,,,,,172.1618,173.5026,1.35,173.5036,177.4955,left,1,0.4843,,177.4968,178.497,0,22,22,17,1,stim/both.png,stim/neutralLeft.png,-1,left,0,,,,,,,,,,,,,,,,,,,
,,2026-01-20_13h46.43.819,ant_ver113,2025.2.3,Win32,58.82352941,126309,,,,,178.4975,179.3423,0.85,179.3432,183.3337,left,1,0.6548,,183.3352,184.342,0,23,23,1,1,stim/both.png,stim/incongLeft.png,1,left,0,,,,,,,,,,,,,,,,,,,
,,2026-01-20_13h46.43.819,ant_ver113,2025.2.3,Win32,58.82352941,126309,,,,,,,,,,,,,,,,,,,,,,,,,,184.3432,200.6195,space,6.2424,,,,,,,,,,,,,,,
,,2026-01-20_13h46.43.819,ant_ver113,2025.2.3,Win32,58.82352941,126309,,,,,200.6402,201.785,1.15,201.7856,205.7783,right,1,0.6357,,,,,,,,,stim/upper.png,stim/incongRight.png,1,right,0,,,,,,0,0,0,11,1,,,,,,,,,
,,2026-01-20_13h46.43.819,ant_ver113,2025.2.3,Win32,58.82352941,126309,,,,,205.7792,207.0276,1.25,207.0283,211.0236,left,1,0.4348,,,,,,,,,stim/lower.png,stim/neutralLeft.png,-1,left,0,,,,,,0,1,1,38,1,,,,,,,,,
,,2026-01-20_13h46.43.819,ant_ver113,2025.2.3,Win32,58.82352941,126309,,,,,211.0245,212.5775,1.55,212.5787,216.5746,right,1,0.5834,,,,,,,,,stim/lower.png,stim/incongRight.png,-1,right,0,,,,,,0,2,2,19,1,,,,,,,,,
,,2026-01-20_13h46.43.819,ant_ver113,2025.2.3,Win32,58.82352941,126309,,,,,216.5753,217.5287,0.95,217.5296,221.5402,right,1,0.6689,,,,,,,,,stim/both.png,stim/incongRight.png,-1,right,0,,,,,,0,3,3,3,1,,,,,,,,,
,,2026-01-20_13h46.43.819,ant_ver113,2025.2.3,Win32,58.82352941,126309,,,,,221.541,222.0375,0.5,222.0391,226.0312,right,1,0.6118,,,,,,,,,stim/centre.png,stim/incongRight.png,-1,right,0,,,,,,0,4,4,25,1,,,,,,,,,
,,2026-01-20_13h46.43.819,ant_ver113,2025.2.3,Win32,58.82352941,126309,,,,,226.0323,226.9345,0.9,226.9359,230.9389,right,1,0.4492,,,,,,,,,stim/centre.png,stim/neutralRight.png,1,right,0,,,,,,0,5,5,29,1,,,,,,,,,
,,2026-01-20_13h46.43.819,ant_ver113,2025.2.3,Win32,58.82352941,126309,,,,,230.9396,232.1876,1.25,232.1889,236.1877,right,1,0.5849,,,,,,,,,stim/blank.png,stim/neutralRight.png,-1,right,0,,,,,,0,6,6,36,1,,,,,,,,,
,,2026-01-20_13h46.43.819,ant_ver113,2025.2.3,Win32,58.82352941,126309,,,,,236.1884,237.1778,1,237.1791,241.168,left,1,0.5861,,,,,,,,,stim/both.png,stim/incongLeft.png,1,left,0,,,,,,0,7,7,1,1,,,,,,,,,
,,2026-01-20_13h46.43.819,ant_ver113,2025.2.3,Win32,58.82352941,126309,,,,,241.1696,241.7612,0.6,241.7626,245.7565,right,1,0.3933,,,,,,,,,stim/both.png,stim/congRight.png,1,right,0,,,,,,0,8,8,47,1,,,,,,,,,
,,2026-01-20_13h46.43.819,ant_ver113,2025.2.3,Win32,58.82352941,126309,,,,,245.7576,246.6055,0.85,246.6074,250.5946,left,1,0.4874,,,,,,,,,stim/centre.png,stim/congLeft.png,-1,left,0,,,,,,0,9,9,9,1,,,,,,,,,
,,2026-01-20_13h46.43.819,ant_ver113,2025.2.3,Win32,58.82352941,126309,,,,,250.5958,252.0954,1.5,252.0964,256.1028,right,1,0.4439,,,,,,,,,stim/lower.png,stim/neutralRight.png,-1,right,0,,,,,,0,10,10,28,1,,,,,,,,,
,,2026-01-20_13h46.43.819,ant_ver113,2025.2.3,Win32,58.82352941,126309,,,,,256.104,256.7446,0.65,256.7463,260.7398,right,1,0.6188,,,,,,,,,stim/blank.png,stim/incongRight.png,1,right,0,,,,,,0,11,11,40,1,,,,,,,,,
,,2026-01-20_13h46.43.819,ant_ver113,2025.2.3,Win32,58.82352941,126309,,,,,260.7411,262.2344,1.5,262.2352,266.2274,left,1,0.5992,,,,,,,,,stim/both.png,stim/congLeft.png,-1,left,0,,,,,,0,12,12,5,1,,,,,,,,,
,,2026-01-20_13h46.43.819,ant_ver113,2025.2.3,Win32,58.82352941,126309,,,,,266.2281,266.7879,0.55,266.7893,270.7812,right,1,0.5809,,,,,,,,,stim/blank.png,stim/incongRight.png,-1,right,0,,,,,,0,13,13,7,1,,,,,,,,,
,,2026-01-20_13h46.43.819,ant_ver113,2025.2.3,Win32,58.82352941,126309,,,,,270.7823,272.1773,1.4,272.1788,276.1876,left,1,0.4838,,,,,,,,,stim/blank.png,stim/congLeft.png,1,left,0,,,,,,0,14,14,6,1,,,,,,,,,
,,2026-01-20_13h46.43.819,ant_ver113,2025.2.3,Win32,58.82352941,126309,,,,,276.1884,277.3279,1.15,277.3288,281.3271,left,1,0.5498,,,,,,,,,stim/centre.png,stim/incongLeft.png,-1,left,0,,,,,,0,15,15,21,1,,,,,,,,,
,,2026-01-20_13h46.43.819,ant_ver113,2025.2.3,Win32,58.82352941,126309,,,,,281.3277,282.3276,1,282.3289,286.3274,right,1,0.4792,,,,,,,,,stim/upper.png,stim/congRight.png,1,right,0,,,,,,0,16,16,30,1,,,,,,,,,
,,2026-01-20_13h46.43.819,ant_ver113,2025.2.3,Win32,58.82352941,126309,,,,,286.3279,286.9783,0.65,286.9797,290.9777,right,1,0.4849,,,,,,,,,stim/both.png,stim/neutralRight.png,-1,right,0,,,,,,0,17,17,41,1,,,,,,,,,
,,2026-01-20_13h46.43.819,ant_ver113,2025.2.3,Win32,58.82352941,126309,,,,,290.9785,291.9276,0.95,291.9288,295.9278,right,1,0.5664,,,,,,,,,stim/both.png,stim/neutralRight.png,1,right,0,,,,,,0,18,18,23,1,,,,,,,,,
,,2026-01-20_13h46.43.819,ant_ver113,2025.2.3,Win32,58.82352941,126309,,,,,295.9287,296.8772,0.95,296.8784,300.8801,right,1,0.506,,,,,,,,,stim/centre.png,stim/congRight.png,1,right,0,,,,,,0,19,19,2,1,,,,,,,,,
,,2026-01-20_13h46.43.819,ant_ver113,2025.2.3,Win32,58.82352941,126309,,,,,300.8808,301.5277,0.65,301.5293,305.5275,left,1,0.4519,,,,,,,,,stim/both.png,stim/neutralLeft.png,1,left,0,,,,,,0,20,20,31,1,,,,,,,,,
,,2026-01-20_13h46.43.819,ant_ver113,2025.2.3,Win32,58.82352941,126309,,,,,305.5283,305.9807,0.45,305.9816,309.9802,left,1,0.5007,,,,,,,,,stim/both.png,stim/neutralLeft.png,-1,left,0,,,,,,0,21,21,17,1,,,,,,,,,
,,2026-01-20_13h46.43.819,ant_ver113,2025.2.3,Win32,58.82352941,126309,,,,,309.9807,310.7287,0.75,310.7304,314.7278,right,1,0.4989,,,,,,,,,stim/blank.png,stim/congRight.png,-1,right,0,,,,,,0,22,22,18,1,,,,,,,,,
,,2026-01-20_13h46.43.819,ant_ver113,2025.2.3,Win32,58.82352941,126309,,,,,314.7291,315.3772,0.65,315.3782,319.3781,right,1,0.4839,,,,,,,,,stim/centre.png,stim/congRight.png,-1,right,0,,,,,,0,23,23,0,1,,,,,,,,,
,,2026-01-20_13h46.43.819,ant_ver113,2025.2.3,Win32,58.82352941,126309,,,,,319.3788,320.5786,1.2,320.5795,324.5772,left,1,0.5415,,,,,,,,,stim/blank.png,stim/neutralLeft.png,1,left,0,,,,,,0,24,24,42,1,,,,,,,,,
,,2026-01-20_13h46.43.819,ant_ver113,2025.2.3,Win32,58.82352941,126309,,,,,324.578,325.7269,1.15,325.728,329.7274,left,1,0.5551,,,,,,,,,stim/lower.png,stim/incongLeft.png,-1,left,0,,,,,,0,25,25,10,1,,,,,,,,,
,,2026-01-20_13h46.43.819,ant_ver113,2025.2.3,Win32,58.82352941,126309,,,,,329.7283,330.7273,1,330.729,334.7275,left,1,0.48,,,,,,,,,stim/centre.png,stim/neutralLeft.png,1,left,0,,,,,,0,26,26,22,1,,,,,,,,,
,,2026-01-20_13h46.43.819,ant_ver113,2025.2.3,Win32,58.82352941,126309,,,,,334.7288,335.9267,1.2,335.9276,339.9268,right,1,0.4695,,,,,,,,,stim/blank.png,stim/congRight.png,1,right,0,,,,,,0,27,27,45,1,,,,,,,,,
,,2026-01-20_13h46.43.819,ant_ver113,2025.2.3,Win32,58.82352941,126309,,,,,339.9277,341.1773,1.25,341.1785,345.1772,right,1,0.4968,,,,,,,,,stim/upper.png,stim/neutralRight.png,1,right,0,,,,,,0,28,28,27,1,,,,,,,,,
,,2026-01-20_13h46.43.819,ant_ver113,2025.2.3,Win32,58.82352941,126309,,,,,345.1781,346.677,1.5,346.6782,350.6771,left,1,0.4505,,,,,,,,,stim/blank.png,stim/congLeft.png,-1,left,0,,,,,,0,29,29,15,1,,,,,,,,,
,,2026-01-20_13h46.43.819,ant_ver113,2025.2.3,Win32,58.82352941,126309,,,,,350.6781,352.1271,1.45,352.1291,356.1272,left,1,0.5856,,,,,,,,,stim/centre.png,stim/congLeft.png,1,left,0,,,,,,0,30,30,4,1,,,,,,,,,
,,2026-01-20_13h46.43.819,ant_ver113,2025.2.3,Win32,58.82352941,126309,,,,,356.1279,357.2271,1.1,357.2279,361.2262,right,1,0.564,,,,,,,,,stim/blank.png,stim/neutralRight.png,1,right,0,,,,,,0,31,31,39,1,,,,,,,,,
,,2026-01-20_13h46.43.819,ant_ver113,2025.2.3,Win32,58.82352941,126309,,,,,361.2267,361.6761,0.45,361.677,365.6701,right,1,0.4538,,,,,,,,,stim/centre.png,stim/neutralRight.png,-1,right,0,,,,,,0,32,32,35,1,,,,,,,,,
,,2026-01-20_13h46.43.819,ant_ver113,2025.2.3,Win32,58.82352941,126309,,,,,365.6712,366.5595,0.9,366.5607,370.5604,,0,,,,,,,,,,stim/blank.png,stim/neutralLeft.png,-1,left,0,,,,,,0,33,33,32,1,,,,,,,,,
,,2026-01-20_13h46.43.819,ant_ver113,2025.2.3,Win32,58.82352941,126309,,,,,370.5611,371.9606,1.4,371.9621,375.96,left,1,0.4977,,,,,,,,,stim/lower.png,stim/congLeft.png,-1,left,0,,,,,,0,34,34,12,1,,,,,,,,,
,,2026-01-20_13h46.43.819,ant_ver113,2025.2.3,Win32,58.82352941,126309,,,,,375.9609,377.4595,1.5,377.4607,381.4603,right,0,0.8672,,,,,,,,,stim/upper.png,stim/incongLeft.png,1,left,0,,,,,,0,35,35,33,1,,,,,,,,,
,,2026-01-20_13h46.43.819,ant_ver113,2025.2.3,Win32,58.82352941,126309,,,,,381.4615,382.0101,0.55,382.0112,386.0119,right,1,0.5681,,,,,,,,,stim/lower.png,stim/congRight.png,-1,right,0,,,,,,0,36,36,43,1,,,,,,,,,
,,2026-01-20_13h46.43.819,ant_ver113,2025.2.3,Win32,58.82352941,126309,,,,,386.0124,386.91,0.9,386.9118,390.9094,left,1,0.4334,,,,,,,,,stim/upper.png,stim/neutralLeft.png,1,left,0,,,,,,0,37,37,8,1,,,,,,,,,
,,2026-01-20_13h46.43.819,ant_ver113,2025.2.3,Win32,58.82352941,126309,,,,,390.9102,391.8107,0.9,391.8116,395.8101,right,1,1.2975,,,,,,,,,stim/centre.png,stim/incongRight.png,1,right,0,,,,,,0,38,38,26,1,,,,,,,,,
,,2026-01-20_13h46.43.819,ant_ver113,2025.2.3,Win32,58.82352941,126309,,,,,395.8109,396.2101,0.4,396.2113,400.2124,right,1,0.5163,,,,,,,,,stim/both.png,stim/congRight.png,-1,right,0,,,,,,0,39,39,13,1,,,,,,,,,
,,2026-01-20_13h46.43.819,ant_ver113,2025.2.3,Win32,58.82352941,126309,,,,,400.2131,400.7116,0.5,400.7124,404.7095,left,1,0.7344,,,,,,,,,stim/blank.png,stim/incongLeft.png,1,left,0,,,,,,0,40,40,20,1,,,,,,,,,
,,2026-01-20_13h46.43.819,ant_ver113,2025.2.3,Win32,58.82352941,126309,,,,,404.7104,405.5098,0.8,405.5109,409.5099,left,1,0.5511,,,,,,,,,stim/upper.png,stim/congLeft.png,1,left,0,,,,,,0,41,41,24,1,,,,,,,,,
,,2026-01-20_13h46.43.819,ant_ver113,2025.2.3,Win32,58.82352941,126309,,,,,409.5109,411.0593,1.55,411.0607,415.06,left,1,0.7175,,,,,,,,,stim/both.png,stim/incongLeft.png,-1,left,0,,,,,,0,42,42,37,1,,,,,,,,,
,,2026-01-20_13h46.43.819,ant_ver113,2025.2.3,Win32,58.82352941,126309,,,,,415.0613,416.3094,1.25,416.3114,420.3123,left,1,0.5558,,,,,,,,,stim/both.png,stim/congLeft.png,1,left,0,,,,,,0,43,43,34,1,,,,,,,,,
,,2026-01-20_13h46.43.819,ant_ver113,2025.2.3,Win32,58.82352941,126309,,,,,420.3133,421.7098,1.4,421.7116,425.7089,left,1,0.5875,,,,,,,,,stim/centre.png,stim/neutralLeft.png,-1,left,0,,,,,,0,44,44,14,1,,,,,,,,,
,,2026-01-20_13h46.43.819,ant_ver113,2025.2.3,Win32,58.82352941,126309,,,,,425.7097,426.1101,0.4,426.1112,430.1062,left,1,0.7833,,,,,,,,,stim/blank.png,stim/incongLeft.png,-1,left,0,,,,,,0,45,45,16,1,,,,,,,,,
,,2026-01-20_13h46.43.819,ant_ver113,2025.2.3,Win32,58.82352941,126309,,,,,430.1071,431.0556,0.95,431.0568,435.0597,left,1,0.8012,,,,,,,,,stim/centre.png,stim/incongLeft.png,1,left,0,,,,,,0,46,46,46,1,,,,,,,,,
,,2026-01-20_13h46.43.819,ant_ver113,2025.2.3,Win32,58.82352941,126309,,,,,435.0605,436.1553,1.1,436.1567,440.1524,right,1,0.7667,,,,,,,,,stim/both.png,stim/incongRight.png,1,right,0,,,,,,0,47,47,44,1,,,,,,,,,
,,2026-01-20_13h46.43.819,ant_ver113,2025.2.3,Win32,58.82352941,126309,,,,,440.1538,441.5022,1.35,441.5034,445.4918,left,1,0.6553,,,,,,,,,stim/both.png,stim/neutralLeft.png,1,left,0,,,,,,1,0,48,31,1,,,,,,,,,
,,2026-01-20_13h46.43.819,ant_ver113,2025.2.3,Win32,58.82352941,126309,,,,,445.4926,446.8361,1.35,446.8378,450.8345,right,1,0.8284,,,,,,,,,stim/blank.png,stim/incongRight.png,-1,right,0,,,,,,1,1,49,7,1,,,,,,,,,
,,2026-01-20_13h46.43.819,ant_ver113,2025.2.3,Win32,58.82352941,126309,,,,,450.8352,451.7773,0.95,451.7783,455.7724,left,1,0.7348,,,,,,,,,stim/centre.png,stim/neutralLeft.png,-1,left,0,,,,,,1,2,50,14,1,,,,,,,,,
,,2026-01-20_13h46.43.819,ant_ver113,2025.2.3,Win32,58.82352941,126309,,,,,455.7732,456.2756,0.5,456.2766,460.2757,left,1,0.6628,,,,,,,,,stim/centre.png,stim/incongLeft.png,1,left,0,,,,,,1,3,51,46,1,,,,,,,,,
,,2026-01-20_13h46.43.819,ant_ver113,2025.2.3,Win32,58.82352941,126309,,,,,460.2763,461.4755,1.2,461.4767,465.4685,left,1,0.6337,,,,,,,,,stim/centre.png,stim/congLeft.png,1,left,0,,,,,,1,4,52,4,1,,,,,,,,,
,,2026-01-20_13h46.43.819,ant_ver113,2025.2.3,Win32,58.82352941,126309,,,,,465.4693,466.8105,1.35,466.8123,470.8045,right,1,0.7117,,,,,,,,,stim/blank.png,stim/neutralRight.png,1,right,0,,,,,,1,5,53,39,1,,,,,,,,,
,,2026-01-20_13h46.43.819,ant_ver113,2025.2.3,Win32,58.82352941,126309,,,,,470.8053,471.85,1.05,471.8518,475.8416,right,1,0.6807,,,,,,,,,stim/both.png,stim/congRight.png,-1,right,0,,,,,,1,6,54,13,1,,,,,,,,,
,,2026-01-20_13h46.43.819,ant_ver113,2025.2.3,Win32,58.82352941,126309,,,,,475.8422,476.9272,1.1,476.9285,480.9156,left,1,0.7717,,,,,,,,,stim/blank.png,stim/congLeft.png,1,left,0,,,,,,1,7,55,6,1,,,,,,,,,
,,2026-01-20_13h46.43.819,ant_ver113,2025.2.3,Win32,58.82352941,126309,,,,,480.9166,481.3615,0.45,481.3629,485.3513,right,1,0.7,,,,,,,,,stim/upper.png,stim/incongRight.png,1,right,0,,,,,,1,8,56,11,1,,,,,,,,,
,,2026-01-20_13h46.43.819,ant_ver113,2025.2.3,Win32,58.82352941,126309,,,,,485.3523,486.3053,0.95,486.3071,490.3041,left,1,0.5034,,,,,,,,,stim/lower.png,stim/neutralLeft.png,-1,left,0,,,,,,1,9,57,38,1,,,,,,,,,
,,2026-01-20_13h46.43.819,ant_ver113,2025.2.3,Win32,58.82352941,126309,,,,,490.3055,490.6973,0.4,490.6989,494.6914,right,1,0.5819,,,,,,,,,stim/centre.png,stim/incongRight.png,1,right,0,,,,,,1,10,58,26,1,,,,,,,,,
,,2026-01-20_13h46.43.819,ant_ver113,2025.2.3,Win32,58.82352941,126309,,,,,494.6919,495.2795,0.6,495.2807,499.2856,right,1,0.4677,,,,,,,,,stim/blank.png,stim/neutralRight.png,-1,right,0,,,,,,1,11,59,36,1,,,,,,,,,
,,2026-01-20_13h46.43.819,ant_ver113,2025.2.3,Win32,58.82352941,126309,,,,,499.2864,499.6803,0.4,499.6822,503.6749,right,1,0.6717,,,,,,,,,stim/lower.png,stim/incongRight.png,-1,right,0,,,,,,1,12,60,19,1,,,,,,,,,
,,2026-01-20_13h46.43.819,ant_ver113,2025.2.3,Win32,58.82352941,126309,,,,,503.6756,505.0692,1.4,505.0704,509.0583,right,1,0.474,,,,,,,,,stim/both.png,stim/neutralRight.png,-1,right,0,,,,,,1,13,61,41,1,,,,,,,,,
,,2026-01-20_13h46.43.819,ant_ver113,2025.2.3,Win32,58.82352941,126309,,,,,509.0589,509.6587,0.6,509.6596,513.6585,right,0,1.3061,,,,,,,,,stim/lower.png,stim/incongLeft.png,-1,left,0,,,,,,1,14,62,10,1,,,,,,,,,
,,2026-01-20_13h46.43.819,ant_ver113,2025.2.3,Win32,58.82352941,126309,,,,,513.6595,514.5589,0.9,514.5596,518.5528,,0,,,,,,,,,,stim/both.png,stim/congLeft.png,-1,left,0,,,,,,1,15,63,5,1,,,,,,,,,
,,2026-01-20_13h46.43.819,ant_ver113,2025.2.3,Win32,58.82352941,126309,,,,,518.5542,519.9999,1.45,520.0009,524.0026,left,1,0.4744,,,,,,,,,stim/lower.png,stim/congLeft.png,-1,left,0,,,,,,1,16,64,12,1,,,,,,,,,
,,2026-01-20_13h46.43.819,ant_ver113,2025.2.3,Win32,58.82352941,126309,,,,,524.0031,525.245,1.25,525.2469,529.2439,left,1,0.9473,,,,,,,,,stim/blank.png,stim/congLeft.png,-1,left,0,,,,,,1,17,65,15,1,,,,,,,,,
,,2026-01-20_13h46.43.819,ant_ver113,2025.2.3,Win32,58.82352941,126309,,,,,529.2445,530.5915,1.35,530.5929,534.5899,right,1,0.5143,,,,,,,,,stim/centre.png,stim/neutralRight.png,1,right,0,,,,,,1,18,66,29,1,,,,,,,,,
,,2026-01-20_13h46.43.819,ant_ver113,2025.2.3,Win32,58.82352941,126309,,,,,534.5915,534.9819,0.4,534.9827,538.9791,right,1,0.4682,,,,,,,,,stim/both.png,stim/neutralRight.png,1,right,0,,,,,,1,19,67,23,1,,,,,,,,,
,,2026-01-20_13h46.43.819,ant_ver113,2025.2.3,Win32,58.82352941,126309,,,,,538.9799,540.1765,1.2,540.1777,544.1679,left,1,0.471,,,,,,,,,stim/both.png,stim/congLeft.png,1,left,0,,,,,,1,20,68,34,1,,,,,,,,,
,,2026-01-20_13h46.43.819,ant_ver113,2025.2.3,Win32,58.82352941,126309,,,,,544.1688,545.1707,1,545.1724,549.1712,,0,,,,,,,,,,stim/upper.png,stim/congRight.png,1,right,0,,,,,,1,21,69,30,1,,,,,,,,,
,,2026-01-20_13h46.43.819,ant_ver113,2025.2.3,Win32,58.82352941,126309,,,,,549.1723,550.1662,1,550.1678,554.1583,left,1,0.4941,,,,,,,,,stim/both.png,stim/neutralLeft.png,-1,left,0,,,,,,1,22,70,17,1,,,,,,,,,
,,2026-01-20_13h46.43.819,ant_ver113,2025.2.3,Win32,58.82352941,126309,,,,,554.1589,555.6483,1.5,555.65,559.6442,left,1,0.7088,,,,,,,,,stim/both.png,stim/incongLeft.png,-1,left,0,,,,,,1,23,71,37,1,,,,,,,,,
,,2026-01-20_13h46.43.819,ant_ver113,2025.2.3,Win32,58.82352941,126309,,,,,559.6448,561.0866,1.45,561.0883,565.0801,right,1,0.7468,,,,,,,,,stim/upper.png,stim/neutralRight.png,1,right,0,,,,,,1,24,72,27,1,,,,,,,,,
,,2026-01-20_13h46.43.819,ant_ver113,2025.2.3,Win32,58.82352941,126309,,,,,565.081,566.32,1.25,566.3215,570.3202,right,1,0.5242,,,,,,,,,stim/centre.png,stim/neutralRight.png,-1,right,0,,,,,,1,25,73,35,1,,,,,,,,,
,,2026-01-20_13h46.43.819,ant_ver113,2025.2.3,Win32,58.82352941,126309,,,,,570.3208,571.2244,0.9,571.2254,575.2246,left,1,0.4982,,,,,,,,,stim/upper.png,stim/incongLeft.png,1,left,0,,,,,,1,26,74,33,1,,,,,,,,,
,,2026-01-20_13h46.43.819,ant_ver113,2025.2.3,Win32,58.82352941,126309,,,,,575.2253,575.819,0.6,575.8206,579.8081,left,1,0.754,,,,,,,,,stim/blank.png,stim/neutralLeft.png,1,left,0,,,,,,1,27,75,42,1,,,,,,,,,
,,2026-01-20_13h46.43.819,ant_ver113,2025.2.3,Win32,58.82352941,126309,,,,,579.8087,581.2579,1.45,581.2588,585.2695,right,1,0.5945,,,,,,,,,stim/both.png,stim/incongRight.png,1,right,0,,,,,,1,28,76,44,1,,,,,,,,,
,,2026-01-20_13h46.43.819,ant_ver113,2025.2.3,Win32,58.82352941,126309,,,,,585.2708,586.0191,0.75,586.0206,590.0071,left,1,0.6351,,,,,,,,,stim/upper.png,stim/neutralLeft.png,1,left,0,,,,,,1,29,77,8,1,,,,,,,,,
,,2026-01-20_13h46.43.819,ant_ver113,2025.2.3,Win32,58.82352941,126309,,,,,590.0078,590.5995,0.6,590.6009,594.6049,right,1,0.6248,,,,,,,,,stim/blank.png,stim/congRight.png,-1,right,0,,,,,,1,30,78,18,1,,,,,,,,,
,,2026-01-20_13h46.43.819,ant_ver113,2025.2.3,Win32,58.82352941,126309,,,,,594.6056,595.6042,1,595.6051,599.6019,right,1,0.6353,,,,,,,,,stim/blank.png,stim/incongRight.png,1,right,0,,,,,,1,31,79,40,1,,,,,,,,,
,,2026-01-20_13h46.43.819,ant_ver113,2025.2.3,Win32,58.82352941,126309,,,,,599.6027,600.1523,0.55,600.154,604.1432,left,1,0.5656,,,,,,,,,stim/blank.png,stim/neutralLeft.png,-1,left,0,,,,,,1,32,80,32,1,,,,,,,,,
,,2026-01-20_13h46.43.819,ant_ver113,2025.2.3,Win32,58.82352941,126309,,,,,604.1438,604.583,0.45,604.5847,608.5738,left,1,0.5678,,,,,,,,,stim/blank.png,stim/incongLeft.png,1,left,0,,,,,,1,33,81,20,1,,,,,,,,,
,,2026-01-20_13h46.43.819,ant_ver113,2025.2.3,Win32,58.82352941,126309,,,,,608.5748,609.5736,1,609.5741,613.565,left,0,0.4323,,,,,,,,,stim/both.png,stim/incongRight.png,-1,right,0,,,,,,1,34,82,3,1,,,,,,,,,
,,2026-01-20_13h46.43.819,ant_ver113,2025.2.3,Win32,58.82352941,126309,,,,,613.5654,614.77,1.2,614.7719,618.7668,left,1,0.5273,,,,,,,,,stim/both.png,stim/incongLeft.png,1,left,0,,,,,,1,35,83,1,1,,,,,,,,,
,,2026-01-20_13h46.43.819,ant_ver113,2025.2.3,Win32,58.82352941,126309,,,,,618.7677,619.1663,0.4,619.1679,623.1574,left,1,0.8221,,,,,,,,,stim/centre.png,stim/incongLeft.png,-1,left,0,,,,,,1,36,84,21,1,,,,,,,,,
,,2026-01-20_13h46.43.819,ant_ver113,2025.2.3,Win32,58.82352941,126309,,,,,623.1579,624.5649,1.4,624.5655,628.5573,right,1,0.4455,,,,,,,,,stim/centre.png,stim/congRight.png,1,right,0,,,,,,1,37,85,2,1,,,,,,,,,
,,2026-01-20_13h46.43.819,ant_ver113,2025.2.3,Win32,58.82352941,126309,,,,,628.5583,630.008,1.45,630.0095,634.007,right,1,0.5007,,,,,,,,,stim/centre.png,stim/congRight.png,-1,right,0,,,,,,1,38,86,0,1,,,,,,,,,
,,2026-01-20_13h46.43.819,ant_ver113,2025.2.3,Win32,58.82352941,126309,,,,,634.0078,634.8574,0.85,634.8593,638.857,right,1,0.4104,,,,,,,,,stim/lower.png,stim/neutralRight.png,-1,right,0,,,,,,1,39,87,28,1,,,,,,,,,
,,2026-01-20_13h46.43.819,ant_ver113,2025.2.3,Win32,58.82352941,126309,,,,,638.8576,639.8072,0.95,639.8083,643.8185,left,1,0.575,,,,,,,,,stim/blank.png,stim/incongLeft.png,-1,left,0,,,,,,1,40,88,16,1,,,,,,,,,
,,2026-01-20_13h46.43.819,ant_ver113,2025.2.3,Win32,58.82352941,126309,,,,,643.8197,645.3705,1.55,645.3718,649.3586,right,1,0.5026,,,,,,,,,stim/both.png,stim/congRight.png,1,right,0,,,,,,1,41,89,47,1,,,,,,,,,
,,2026-01-20_13h46.43.819,ant_ver113,2025.2.3,Win32,58.82352941,126309,,,,,649.3599,650.7679,1.4,650.7688,654.7614,left,1,0.4519,,,,,,,,,stim/upper.png,stim/congLeft.png,1,left,0,,,,,,1,42,90,24,1,,,,,,,,,
,,2026-01-20_13h46.43.819,ant_ver113,2025.2.3,Win32,58.82352941,126309,,,,,654.7623,655.3658,0.6,655.3683,659.3565,right,1,0.7192,,,,,,,,,stim/centre.png,stim/incongRight.png,-1,right,0,,,,,,1,43,91,25,1,,,,,,,,,
,,2026-01-20_13h46.43.819,ant_ver113,2025.2.3,Win32,58.82352941,126309,,,,,659.3572,660.9069,1.55,660.9079,664.9038,right,1,0.9507,,,,,,,,,stim/blank.png,stim/congRight.png,1,right,0,,,,,,1,44,92,45,1,,,,,,,,,
,,2026-01-20_13h46.43.819,ant_ver113,2025.2.3,Win32,58.82352941,126309,,,,,664.9048,666.0028,1.1,666.0038,670.0068,left,1,0.9829,,,,,,,,,stim/centre.png,stim/congLeft.png,-1,left,0,,,,,,1,45,93,9,1,,,,,,,,,
,,2026-01-20_13h46.43.819,ant_ver113,2025.2.3,Win32,58.82352941,126309,,,,,670.0075,670.7462,0.75,670.7477,674.7404,right,1,1.2016,,,,,,,,,stim/lower.png,stim/congRight.png,-1,right,0,,,,,,1,46,94,43,1,,,,,,,,,
,,2026-01-20_13h46.43.819,ant_ver113,2025.2.3,Win32,58.82352941,126309,,,,,674.7414,675.2906,0.55,675.293,679.2902,,0,,,,,,,,,,stim/centre.png,stim/neutralLeft.png,1,left,0,,,,,,1,47,95,22,1,,,,,,,,,
,,2026-01-20_13h46.43.819,ant_ver113,2025.2.3,Win32,58.82352941,126309,,,,,,,,,,,,,,,,,,,,,,,,,,,,,,,,,,,,679.2936,690.577,0,0,0,0,1,,
,,2026-01-20_13h46.43.819,ant_ver113,2025.2.3,Win32,58.82352941,126309,,,,,690.605,691.4572,0.85,691.459,695.4566,left,1,0.6882,,,,,,,,,stim/centre.png,stim/incongLeft.png,-1,left,0,,,,,,0,0,0,21,1,,,,,,,,,
,,2026-01-20_13h46.43.819,ant_ver113,2025.2.3,Win32,58.82352941,126309,,,,,695.4576,696.0564,0.6,696.0577,700.0578,left,1,0.4349,,,,,,,,,stim/both.png,stim/neutralLeft.png,1,left,0,,,,,,0,1,1,31,1,,,,,,,,,
,,2026-01-20_13h46.43.819,ant_ver113,2025.2.3,Win32,58.82352941,126309,,,,,700.059,700.7066,0.65,700.7077,704.7065,left,0,0.4529,,,,,,,,,stim/centre.png,stim/incongRight.png,-1,right,0,,,,,,0,2,2,25,1,,,,,,,,,
,,2026-01-20_13h46.43.819,ant_ver113,2025.2.3,Win32,58.82352941,126309,,,,,704.7072,705.1069,0.4,705.1081,709.1068,right,1,0.6046,,,,,,,,,stim/both.png,stim/neutralRight.png,1,right,0,,,,,,0,3,3,23,1,,,,,,,,,
,,2026-01-20_13h46.43.819,ant_ver113,2025.2.3,Win32,58.82352941,126309,,,,,709.108,710.4067,1.3,710.4081,714.406,left,1,1.3037,,,,,,,,,stim/lower.png,stim/congLeft.png,-1,left,0,,,,,,0,4,4,12,1,,,,,,,,,
,,2026-01-20_13h46.43.819,ant_ver113,2025.2.3,Win32,58.82352941,126309,,,,,714.4071,715.0116,0.6,715.0131,719.0037,left,1,0.967,,,,,,,,,stim/blank.png,stim/neutralLeft.png,1,left,0,,,,,,0,5,5,42,1,,,,,,,,,
,,2026-01-20_13h46.43.819,ant_ver113,2025.2.3,Win32,58.82352941,126309,,,,,719.0048,719.7987,0.8,719.8001,723.798,left,1,1.5598,,,,,,,,,stim/blank.png,stim/incongLeft.png,1,left,0,,,,,,0,6,6,20,1,,,,,,,,,
,,2026-01-20_13h46.43.819,ant_ver113,2025.2.3,Win32,58.82352941,126309,,,,,723.7996,724.5438,0.75,724.545,728.5349,left,1,0.6578,,,,,,,,,stim/both.png,stim/incongLeft.png,1,left,0,,,,,,0,7,7,1,1,,,,,,,,,
,,2026-01-20_13h46.43.819,ant_ver113,2025.2.3,Win32,58.82352941,126309,,,,,728.5367,729.7517,1.2,729.7528,733.7396,right,1,0.7367,,,,,,,,,stim/centre.png,stim/incongRight.png,1,right,0,,,,,,0,8,8,26,1,,,,,,,,,
,,2026-01-20_13h46.43.819,ant_ver113,2025.2.3,Win32,58.82352941,126309,,,,,733.7406,734.3391,0.6,734.3402,738.3462,right,1,0.501,,,,,,,,,stim/centre.png,stim/neutralRight.png,1,right,0,,,,,,0,9,9,29,1,,,,,,,,,
,,2026-01-20_13h46.43.819,ant_ver113,2025.2.3,Win32,58.82352941,126309,,,,,738.3472,739.302,0.95,739.3034,743.3057,right,1,0.5823,,,,,,,,,stim/both.png,stim/congRight.png,-1,right,0,,,,,,0,10,10,13,1,,,,,,,,,
,,2026-01-20_13h46.43.819,ant_ver113,2025.2.3,Win32,58.82352941,126309,,,,,743.3063,744.1692,0.85,744.1701,748.1665,left,1,0.615,,,,,,,,,stim/blank.png,stim/incongLeft.png,-1,left,0,,,,,,0,11,11,16,1,,,,,,,,,
,,2026-01-20_13h46.43.819,ant_ver113,2025.2.3,Win32,58.82352941,126309,,,,,748.1672,748.8684,0.7,748.8697,752.8692,right,1,0.5017,,,,,,,,,stim/blank.png,stim/congRight.png,1,right,0,,,,,,0,12,12,45,1,,,,,,,,,
,,2026-01-20_13h46.43.819,ant_ver113,2025.2.3,Win32,58.82352941,126309,,,,,752.8703,753.5174,0.65,753.5186,757.5087,right,1,0.8513,,,,,,,,,stim/blank.png,stim/incongRight.png,-1,right,0,,,,,,0,13,13,7,1,,,,,,,,,
,,2026-01-20_13h46.43.819,ant_ver113,2025.2.3,Win32,58.82352941,126309,,,,,757.5097,759.058,1.55,759.059,763.0558,right,1,0.5317,,,,,,,,,stim/blank.png,stim/neutralRight.png,1,right,0,,,,,,0,14,14,39,1,,,,,,,,,
,,2026-01-20_13h46.43.819,ant_ver113,2025.2.3,Win32,58.82352941,126309,,,,,763.0566,763.6575,0.6,763.6584,767.6565,left,1,0.7507,,,,,,,,,stim/centre.png,stim/congLeft.png,-1,left,0,,,,,,0,15,15,9,1,,,,,,,,,
,,2026-01-20_13h46.43.819,ant_ver113,2025.2.3,Win32,58.82352941,126309,,,,,767.6571,768.4057,0.75,768.4071,772.4057,left,1,0.747,,,,,,,,,stim/upper.png,stim/congLeft.png,1,left,0,,,,,,0,16,16,24,1,,,,,,,,,
,,2026-01-20_13h46.43.819,ant_ver113,2025.2.3,Win32,58.82352941,126309,,,,,772.4066,772.8057,0.4,772.8074,776.8057,left,1,1.2845,,,,,,,,,stim/centre.png,stim/congLeft.png,1,left,0,,,,,,0,17,17,4,1,,,,,,,,,
,,2026-01-20_13h46.43.819,ant_ver113,2025.2.3,Win32,58.82352941,126309,,,,,776.8066,778.2052,1.4,778.2062,782.2061,left,1,1.016,,,,,,,,,stim/lower.png,stim/incongLeft.png,-1,left,0,,,,,,0,18,18,10,1,,,,,,,,,
,,2026-01-20_13h46.43.819,ant_ver113,2025.2.3,Win32,58.82352941,126309,,,,,782.2068,782.7058,0.5,782.7074,786.7019,left,1,0.5006,,,,,,,,,stim/both.png,stim/congLeft.png,1,left,0,,,,,,0,19,19,34,1,,,,,,,,,
,,2026-01-20_13h46.43.819,ant_ver113,2025.2.3,Win32,58.82352941,126309,,,,,786.7027,787.199,0.5,787.2007,791.1927,left,1,0.6322,,,,,,,,,stim/lower.png,stim/neutralLeft.png,-1,left,0,,,,,,0,20,20,38,1,,,,,,,,,
,,2026-01-20_13h46.43.819,ant_ver113,2025.2.3,Win32,58.82352941,126309,,,,,791.1934,792.4511,1.25,792.4537,796.449,right,1,0.5194,,,,,,,,,stim/centre.png,stim/neutralRight.png,-1,right,0,,,,,,0,21,21,35,1,,,,,,,,,
,,2026-01-20_13h46.43.819,ant_ver113,2025.2.3,Win32,58.82352941,126309,,,,,796.4516,797.0012,0.55,797.0031,801.0054,right,1,1.0339,,,,,,,,,stim/lower.png,stim/incongRight.png,-1,right,0,,,,,,0,22,22,19,1,,,,,,,,,
,,2026-01-20_13h46.43.819,ant_ver113,2025.2.3,Win32,58.82352941,126309,,,,,801.0063,801.9555,0.95,801.9561,805.955,right,1,0.6341,,,,,,,,,stim/both.png,stim/congRight.png,1,right,0,,,,,,0,23,23,47,1,,,,,,,,,
,,2026-01-20_13h46.43.819,ant_ver113,2025.2.3,Win32,58.82352941,126309,,,,,805.9555,806.605,0.65,806.6058,810.6066,left,1,0.9043,,,,,,,,,stim/blank.png,stim/neutralLeft.png,-1,left,0,,,,,,0,24,24,32,1,,,,,,,,,
,,2026-01-20_13h46.43.819,ant_ver113,2025.2.3,Win32,58.82352941,126309,,,,,810.6081,812.1654,1.55,812.1669,816.156,right,1,0.6684,,,,,,,,,stim/both.png,stim/incongRight.png,-1,right,0,,,,,,0,25,25,3,1,,,,,,,,,
,,2026-01-20_13h46.43.819,ant_ver113,2025.2.3,Win32,58.82352941,126309,,,,,816.1566,817.3558,1.2,817.357,821.3498,right,1,0.5454,,,,,,,,,stim/blank.png,stim/incongRight.png,1,right,0,,,,,,0,26,26,40,1,,,,,,,,,
,,2026-01-20_13h46.43.819,ant_ver113,2025.2.3,Win32,58.82352941,126309,,,,,821.3508,822.346,1,822.3473,826.3406,right,1,0.5351,,,,,,,,,stim/upper.png,stim/congRight.png,1,right,0,,,,,,0,27,27,30,1,,,,,,,,,
,,2026-01-20_13h46.43.819,ant_ver113,2025.2.3,Win32,58.82352941,126309,,,,,826.341,827.0915,0.75,827.0929,831.0882,left,1,1.0194,,,,,,,,,stim/centre.png,stim/incongLeft.png,1,left,0,,,,,,0,28,28,46,1,,,,,,,,,
,,2026-01-20_13h46.43.819,ant_ver113,2025.2.3,Win32,58.82352941,126309,,,,,831.0889,831.6888,0.6,831.6899,835.6886,left,1,1.4191,,,,,,,,,stim/blank.png,stim/congLeft.png,-1,left,0,,,,,,0,29,29,15,1,,,,,,,,,
,,2026-01-20_13h46.43.819,ant_ver113,2025.2.3,Win32,58.82352941,126309,,,,,835.6893,836.6887,1,836.6899,840.6891,right,1,0.933,,,,,,,,,stim/lower.png,stim/neutralRight.png,-1,right,0,,,,,,0,30,30,28,1,,,,,,,,,
,,2026-01-20_13h46.43.819,ant_ver113,2025.2.3,Win32,58.82352941,126309,,,,,840.69,841.2389,0.55,841.2403,845.2385,,0,,,,,,,,,,stim/upper.png,stim/incongLeft.png,1,left,0,,,,,,0,31,31,33,1,,,,,,,,,
,,2026-01-20_13h46.43.819,ant_ver113,2025.2.3,Win32,58.82352941,126309,,,,,845.2394,846.4923,1.25,846.4938,850.4878,,0,,,,,,,,,,stim/both.png,stim/incongRight.png,1,right,0,,,,,,0,32,32,44,1,,,,,,,,,
,,2026-01-20_13h46.43.819,ant_ver113,2025.2.3,Win32,58.82352941,126309,,,,,850.4887,850.9382,0.45,850.9396,854.9383,,0,,,,,,,,,,stim/centre.png,stim/neutralLeft.png,-1,left,0,,,,,,0,33,33,14,1,,,,,,,,,
,,2026-01-20_13h46.43.819,ant_ver113,2025.2.3,Win32,58.82352941,126309,,,,,854.939,855.8384,0.9,855.8404,859.8391,right,1,0.4834,,,,,,,,,stim/blank.png,stim/neutralRight.png,-1,right,0,,,,,,0,34,34,36,1,,,,,,,,,
,,2026-01-20_13h46.43.819,ant_ver113,2025.2.3,Win32,58.82352941,126309,,,,,859.8399,860.4391,0.6,860.4407,864.4388,right,1,0.4591,,,,,,,,,stim/centre.png,stim/congRight.png,-1,right,0,,,,,,0,35,35,0,1,,,,,,,,,
,,2026-01-20_13h46.43.819,ant_ver113,2025.2.3,Win32,58.82352941,126309,,,,,864.4398,864.8439,0.4,864.8448,868.8385,left,1,0.5978,,,,,,,,,stim/blank.png,stim/congLeft.png,1,left,0,,,,,,0,36,36,6,1,,,,,,,,,
,,2026-01-20_13h46.43.819,ant_ver113,2025.2.3,Win32,58.82352941,126309,,,,,868.8395,869.7379,0.9,869.7388,873.7381,right,0,0.5016,,,,,,,,,stim/both.png,stim/incongLeft.png,-1,left,0,,,,,,0,37,37,37,1,,,,,,,,,
,,2026-01-20_13h46.43.819,ant_ver113,2025.2.3,Win32,58.82352941,126309,,,,,873.7389,874.9924,1.25,874.9943,878.988,left,1,0.6143,,,,,,,,,stim/centre.png,stim/neutralLeft.png,1,left,0,,,,,,0,38,38,22,1,,,,,,,,,
,,2026-01-20_13h46.43.819,ant_ver113,2025.2.3,Win32,58.82352941,126309,,,,,878.9888,880.3387,1.35,880.3398,884.3384,right,1,0.8336,,,,,,,,,stim/upper.png,stim/incongRight.png,1,right,0,,,,,,0,39,39,11,1,,,,,,,,,
,,2026-01-20_13h46.43.819,ant_ver113,2025.2.3,Win32,58.82352941,126309,,,,,884.3394,885.7875,1.45,885.7882,889.7876,right,1,0.4871,,,,,,,,,stim/lower.png,stim/congRight.png,-1,right,0,,,,,,0,40,40,43,1,,,,,,,,,
,,2026-01-20_13h46.43.819,ant_ver113,2025.2.3,Win32,58.82352941,126309,,,,,889.7883,890.1887,0.4,890.1899,894.1875,left,1,0.4948,,,,,,,,,stim/both.png,stim/congLeft.png,-1,left,0,,,,,,0,41,41,5,1,,,,,,,,,
,,2026-01-20_13h46.43.819,ant_ver113,2025.2.3,Win32,58.82352941,126309,,,,,894.1884,894.739,0.55,894.7401,898.7388,left,1,0.5114,,,,,,,,,stim/both.png,stim/neutralLeft.png,-1,left,0,,,,,,0,42,42,17,1,,,,,,,,,
,,2026-01-20_13h46.43.819,ant_ver113,2025.2.3,Win32,58.82352941,126309,,,,,898.7392,899.3884,0.65,899.39,903.3913,right,1,0.5229,,,,,,,,,stim/both.png,stim/neutralRight.png,-1,right,0,,,,,,0,43,43,41,1,,,,,,,,,
,,2026-01-20_13h46.43.819,ant_ver113,2025.2.3,Win32,58.82352941,126309,,,,,903.3917,903.7896,0.4,903.7905,907.7881,left,1,0.6286,,,,,,,,,stim/upper.png,stim/neutralLeft.png,1,left,0,,,,,,0,44,44,8,1,,,,,,,,,
,,2026-01-20_13h46.43.819,ant_ver113,2025.2.3,Win32,58.82352941,126309,,,,,907.7888,908.3379,0.55,908.3396,912.3343,right,1,0.5986,,,,,,,,,stim/centre.png,stim/congRight.png,1,right,0,,,,,,0,45,45,2,1,,,,,,,,,
,,2026-01-20_13h46.43.819,ant_ver113,2025.2.3,Win32,58.82352941,126309,,,,,912.3352,913.8832,1.55,913.8843,917.872,right,1,0.4505,,,,,,,,,stim/upper.png,stim/neutralRight.png,1,right,0,,,,,,0,46,46,27,1,,,,,,,,,
,,2026-01-20_13h46.43.819,ant_ver113,2025.2.3,Win32,58.82352941,126309,,,,,917.8731,918.9206,1.05,918.9214,922.9205,right,1,0.5533,,,,,,,,,stim/blank.png,stim/congRight.png,-1,right,0,,,,,,0,47,47,18,1,,,,,,,,,
,,2026-01-20_13h46.43.819,ant_ver113,2025.2.3,Win32,58.82352941,126309,,,,,922.9214,923.7209,0.8,923.7221,927.7206,left,1,1.2658,,,,,,,,,stim/blank.png,stim/incongLeft.png,-1,left,0,,,,,,1,0,48,16,1,,,,,,,,,
,,2026-01-20_13h46.43.819,ant_ver113,2025.2.3,Win32,58.82352941,126309,,,,,927.7216,928.8211,1.1,928.8222,932.821,right,1,0.5181,,,,,,,,,stim/centre.png,stim/congRight.png,-1,right,0,,,,,,1,1,49,0,1,,,,,,,,,
,,2026-01-20_13h46.43.819,ant_ver113,2025.2.3,Win32,58.82352941,126309,,,,,932.8219,933.871,1.05,933.8729,937.8707,right,1,0.5666,,,,,,,,,stim/upper.png,stim/congRight.png,1,right,0,,,,,,1,2,50,30,1,,,,,,,,,
,,2026-01-20_13h46.43.819,ant_ver113,2025.2.3,Win32,58.82352941,126309,,,,,937.8715,939.3753,1.5,939.3768,943.3709,right,1,0.7513,,,,,,,,,stim/blank.png,stim/neutralRight.png,1,right,0,,,,,,1,3,51,39,1,,,,,,,,,
,,2026-01-20_13h46.43.819,ant_ver113,2025.2.3,Win32,58.82352941,126309,,,,,943.3719,944.4206,1.05,944.4215,948.4209,left,1,0.6663,,,,,,,,,stim/upper.png,stim/neutralLeft.png,1,left,0,,,,,,1,4,52,8,1,,,,,,,,,
,,2026-01-20_13h46.43.819,ant_ver113,2025.2.3,Win32,58.82352941,126309,,,,,948.4217,949.0204,0.6,949.0217,953.021,left,1,0.6499,,,,,,,,,stim/both.png,stim/neutralLeft.png,1,left,0,,,,,,1,5,53,31,1,,,,,,,,,
,,2026-01-20_13h46.43.819,ant_ver113,2025.2.3,Win32,58.82352941,126309,,,,,953.0219,953.5646,0.55,953.5664,957.5534,right,1,0.4738,,,,,,,,,stim/lower.png,stim/neutralRight.png,-1,right,0,,,,,,1,6,54,28,1,,,,,,,,,
,,2026-01-20_13h46.43.819,ant_ver113,2025.2.3,Win32,58.82352941,126309,,,,,957.5542,958.4177,0.85,958.4195,962.4142,right,1,0.7499,,,,,,,,,stim/centre.png,stim/incongRight.png,-1,right,0,,,,,,1,7,55,25,1,,,,,,,,,
,,2026-01-20_13h46.43.819,ant_ver113,2025.2.3,Win32,58.82352941,126309,,,,,962.4149,963.7162,1.3,963.717,967.7043,right,1,0.4675,,,,,,,,,stim/both.png,stim/congRight.png,-1,right,0,,,,,,1,8,56,13,1,,,,,,,,,
,,2026-01-20_13h46.43.819,ant_ver113,2025.2.3,Win32,58.82352941,126309,,,,,967.7049,968.1539,0.45,968.1553,972.1545,left,1,0.8171,,,,,,,,,stim/blank.png,stim/incongLeft.png,1,left,0,,,,,,1,9,57,20,1,,,,,,,,,
,,2026-01-20_13h46.43.819,ant_ver113,2025.2.3,Win32,58.82352941,126309,,,,,972.1552,972.804,0.65,972.8058,976.8079,left,1,0.4892,,,,,,,,,stim/centre.png,stim/neutralLeft.png,-1,left,0,,,,,,1,10,58,14,1,,,,,,,,,
,,2026-01-20_13h46.43.819,ant_ver113,2025.2.3,Win32,58.82352941,126309,,,,,976.8087,978.2046,1.4,978.2054,982.2034,right,1,0.4332,,,,,,,,,stim/centre.png,stim/congRight.png,1,right,0,,,,,,1,11,59,2,1,,,,,,,,,
,,2026-01-20_13h46.43.819,ant_ver113,2025.2.3,Win32,58.82352941,126309,,,,,982.2044,983.6547,1.45,983.6558,987.6534,left,1,0.6195,,,,,,,,,stim/centre.png,stim/incongLeft.png,-1,left,0,,,,,,1,12,60,21,1,,,,,,,,,
,,2026-01-20_13h46.43.819,ant_ver113,2025.2.3,Win32,58.82352941,126309,,,,,987.6543,988.754,1.1,988.7557,992.7531,right,1,0.4482,,,,,,,,,stim/centre.png,stim/neutralRight.png,1,right,0,,,,,,1,13,61,29,1,,,,,,,,,
,,2026-01-20_13h46.43.819,ant_ver113,2025.2.3,Win32,58.82352941,126309,,,,,992.7542,994.1548,1.4,994.1555,998.15,right,1,0.7823,,,,,,,,,stim/blank.png,stim/incongRight.png,-1,right,0,,,,,,1,14,62,7,1,,,,,,,,,
,,2026-01-20_13h46.43.819,ant_ver113,2025.2.3,Win32,58.82352941,126309,,,,,998.1505,999.4566,1.3,999.4574,1003.4538,right,1,0.5639,,,,,,,,,stim/upper.png,stim/incongRight.png,1,right,0,,,,,,1,15,63,11,1,,,,,,,,,
,,2026-01-20_13h46.43.819,ant_ver113,2025.2.3,Win32,58.82352941,126309,,,,,1003.4545,1005.0042,1.55,1005.0051,1009.0039,left,1,0.6504,,,,,,,,,stim/both.png,stim/neutralLeft.png,-1,left,0,,,,,,1,16,64,17,1,,,,,,,,,
,,2026-01-20_13h46.43.819,ant_ver113,2025.2.3,Win32,58.82352941,126309,,,,,1009.0048,1010.253,1.25,1010.2541,1014.2534,left,1,0.732,,,,,,,,,stim/both.png,stim/incongLeft.png,1,left,0,,,,,,1,17,65,1,1,,,,,,,,,
,,2026-01-20_13h46.43.819,ant_ver113,2025.2.3,Win32,58.82352941,126309,,,,,1014.254,1015.2037,0.95,1015.2053,1019.2031,right,1,0.6336,,,,,,,,,stim/both.png,stim/incongRight.png,1,right,0,,,,,,1,18,66,44,1,,,,,,,,,
,,2026-01-20_13h46.43.819,ant_ver113,2025.2.3,Win32,58.82352941,126309,,,,,1019.2038,1019.6532,0.45,1019.6547,1023.6536,left,1,0.7992,,,,,,,,,stim/both.png,stim/congLeft.png,-1,left,0,,,,,,1,19,67,5,1,,,,,,,,,
,,2026-01-20_13h46.43.819,ant_ver113,2025.2.3,Win32,58.82352941,126309,,,,,1023.6542,1024.403,0.75,1024.4039,1028.4098,left,1,0.6687,,,,,,,,,stim/centre.png,stim/neutralLeft.png,1,left,0,,,,,,1,20,68,22,1,,,,,,,,,
,,2026-01-20_13h46.43.819,ant_ver113,2025.2.3,Win32,58.82352941,126309,,,,,1028.4106,1029.9037,1.5,1029.9049,1033.9081,left,1,0.7464,,,,,,,,,stim/lower.png,stim/congLeft.png,-1,left,0,,,,,,1,21,69,12,1,,,,,,,,,
,,2026-01-20_13h46.43.819,ant_ver113,2025.2.3,Win32,58.82352941,126309,,,,,1033.9086,1035.4032,1.5,1035.4056,1039.403,right,1,0.7047,,,,,,,,,stim/centre.png,stim/incongRight.png,1,right,0,,,,,,1,22,70,26,1,,,,,,,,,
,,2026-01-20_13h46.43.819,ant_ver113,2025.2.3,Win32,58.82352941,126309,,,,,1039.4041,1039.953,0.55,1039.9542,1043.9528,left,1,0.7486,,,,,,,,,stim/lower.png,stim/neutralLeft.png,-1,left,0,,,,,,1,23,71,38,1,,,,,,,,,
,,2026-01-20_13h46.43.819,ant_ver113,2025.2.3,Win32,58.82352941,126309,,,,,1043.9537,1045.1582,1.2,1045.1589,1049.1549,right,1,0.6003,,,,,,,,,stim/blank.png,stim/incongRight.png,1,right,0,,,,,,1,24,72,40,1,,,,,,,,,
,,2026-01-20_13h46.43.819,ant_ver113,2025.2.3,Win32,58.82352941,126309,,,,,1049.156,1050.1532,1,1050.1547,1054.1526,right,1,0.4399,,,,,,,,,stim/upper.png,stim/neutralRight.png,1,right,0,,,,,,1,25,73,27,1,,,,,,,,,
,,2026-01-20_13h46.43.819,ant_ver113,2025.2.3,Win32,58.82352941,126309,,,,,1054.1529,1055.053,0.9,1055.0539,1059.0526,left,1,0.7833,,,,,,,,,stim/blank.png,stim/congLeft.png,1,left,0,,,,,,1,26,74,6,1,,,,,,,,,
,,2026-01-20_13h46.43.819,ant_ver113,2025.2.3,Win32,58.82352941,126309,,,,,1059.0534,1060.5532,1.5,1060.554,1064.5529,right,1,0.4526,,,,,,,,,stim/both.png,stim/neutralRight.png,1,right,0,,,,,,1,27,75,23,1,,,,,,,,,
,,2026-01-20_13h46.43.819,ant_ver113,2025.2.3,Win32,58.82352941,126309,,,,,1064.5539,1065.6029,1.05,1065.6042,1069.6029,right,1,0.6377,,,,,,,,,stim/lower.png,stim/incongRight.png,-1,right,0,,,,,,1,28,76,19,1,,,,,,,,,
,,2026-01-20_13h46.43.819,ant_ver113,2025.2.3,Win32,58.82352941,126309,,,,,1069.6034,1070.2468,0.65,1070.2479,1074.2361,right,1,0.4476,,,,,,,,,stim/lower.png,stim/congRight.png,-1,right,0,,,,,,1,29,77,43,1,,,,,,,,,
,,2026-01-20_13h46.43.819,ant_ver113,2025.2.3,Win32,58.82352941,126309,,,,,1074.2374,1075.6364,1.4,1075.6379,1079.6359,right,1,0.4523,,,,,,,,,stim/blank.png,stim/congRight.png,1,right,0,,,,,,1,30,78,45,1,,,,,,,,,
,,2026-01-20_13h46.43.819,ant_ver113,2025.2.3,Win32,58.82352941,126309,,,,,1079.637,1080.7863,1.15,1080.7876,1084.7858,left,1,0.7992,,,,,,,,,stim/upper.png,stim/incongLeft.png,1,left,0,,,,,,1,31,79,33,1,,,,,,,,,
,,2026-01-20_13h46.43.819,ant_ver113,2025.2.3,Win32,58.82352941,126309,,,,,1084.7866,1086.0857,1.3,1086.0873,1090.0859,left,1,1.2673,,,,,,,,,stim/centre.png,stim/congLeft.png,1,left,0,,,,,,1,32,80,4,1,,,,,,,,,
,,2026-01-20_13h46.43.819,ant_ver113,2025.2.3,Win32,58.82352941,126309,,,,,1090.0867,1090.5363,0.45,1090.5385,1094.5354,left,1,0.9009,,,,,,,,,stim/blank.png,stim/neutralLeft.png,-1,left,0,,,,,,1,33,81,32,1,,,,,,,,,
,,2026-01-20_13h46.43.819,ant_ver113,2025.2.3,Win32,58.82352941,126309,,,,,1094.5362,1095.8357,1.3,1095.8368,1099.8356,left,1,1.1837,,,,,,,,,stim/blank.png,stim/congLeft.png,-1,left,0,,,,,,1,34,82,15,1,,,,,,,,,
,,2026-01-20_13h46.43.819,ant_ver113,2025.2.3,Win32,58.82352941,126309,,,,,1099.8362,1101.2369,1.4,1101.2378,1105.2357,right,1,1.1126,,,,,,,,,stim/both.png,stim/congRight.png,1,right,0,,,,,,1,35,83,47,1,,,,,,,,,
,,2026-01-20_13h46.43.819,ant_ver113,2025.2.3,Win32,58.82352941,126309,,,,,1105.2366,1105.887,0.65,1105.8886,1109.8858,right,1,0.8337,,,,,,,,,stim/both.png,stim/incongRight.png,-1,right,0,,,,,,1,36,84,3,1,,,,,,,,,
,,2026-01-20_13h46.43.819,ant_ver113,2025.2.3,Win32,58.82352941,126309,,,,,1109.8871,1111.3855,1.5,1111.3875,1115.3864,left,1,0.6004,,,,,,,,,stim/both.png,stim/incongLeft.png,-1,left,0,,,,,,1,37,85,37,1,,,,,,,,,
,,2026-01-20_13h46.43.819,ant_ver113,2025.2.3,Win32,58.82352941,126309,,,,,1115.3872,1116.4858,1.1,1116.4871,1120.4948,left,1,0.5524,,,,,,,,,stim/lower.png,stim/incongLeft.png,-1,left,0,,,,,,1,38,86,10,1,,,,,,,,,
,,2026-01-20_13h46.43.819,ant_ver113,2025.2.3,Win32,58.82352941,126309,,,,,1120.4958,1121.3372,0.85,1121.3387,1125.3304,left,1,0.465,,,,,,,,,stim/upper.png,stim/congLeft.png,1,left,0,,,,,,1,39,87,24,1,,,,,,,,,
,,2026-01-20_13h46.43.819,ant_ver113,2025.2.3,Win32,58.82352941,126309,,,,,1125.3315,1126.1799,0.85,1126.1812,1130.1687,left,1,0.5062,,,,,,,,,stim/blank.png,stim/neutralLeft.png,1,left,0,,,,,,1,40,88,42,1,,,,,,,,,
,,2026-01-20_13h46.43.819,ant_ver113,2025.2.3,Win32,58.82352941,126309,,,,,1130.1696,1130.7688,0.6,1130.7697,1134.769,right,1,0.5703,,,,,,,,,stim/blank.png,stim/congRight.png,-1,right,0,,,,,,1,41,89,18,1,,,,,,,,,
,,2026-01-20_13h46.43.819,ant_ver113,2025.2.3,Win32,58.82352941,126309,,,,,1134.7699,1136.1195,1.35,1136.1202,1140.1191,right,1,0.7769,,,,,,,,,stim/blank.png,stim/neutralRight.png,-1,right,0,,,,,,1,42,90,36,1,,,,,,,,,
,,2026-01-20_13h46.43.819,ant_ver113,2025.2.3,Win32,58.82352941,126309,,,,,1140.1199,1140.6221,0.5,1140.6227,1144.6188,left,1,0.6067,,,,,,,,,stim/centre.png,stim/incongLeft.png,1,left,0,,,,,,1,43,91,46,1,,,,,,,,,
,,2026-01-20_13h46.43.819,ant_ver113,2025.2.3,Win32,58.82352941,126309,,,,,1144.6197,1145.3696,0.75,1145.3707,1149.3684,right,1,0.4586,,,,,,,,,stim/both.png,stim/neutralRight.png,-1,right,0,,,,,,1,44,92,41,1,,,,,,,,,
,,2026-01-20_13h46.43.819,ant_ver113,2025.2.3,Win32,58.82352941,126309,,,,,1149.369,1149.8687,0.5,1149.8698,1153.8688,left,1,0.6406,,,,,,,,,stim/both.png,stim/congLeft.png,1,left,0,,,,,,1,45,93,34,1,,,,,,,,,
,,2026-01-20_13h46.43.819,ant_ver113,2025.2.3,Win32,58.82352941,126309,,,,,1153.8696,1155.2181,1.35,1155.2187,1159.2187,right,1,0.4174,,,,,,,,,stim/centre.png,stim/neutralRight.png,-1,right,0,,,,,,1,46,94,35,1,,,,,,,,,
,,2026-01-20_13h46.43.819,ant_ver113,2025.2.3,Win32,58.82352941,126309,,,,,1159.2201,1159.7185,0.5,1159.7194,1163.7184,left,1,0.4348,,,,,,,,,stim/centre.png,stim/congLeft.png,-1,left,0,,,,,,1,47,95,9,1,,,,,,,,,
,,2026-01-20_13h46.43.819,ant_ver113,2025.2.3,Win32,58.82352941,126309,,,,,,,,,,,,,,,,,,,,,,,,,,,,,,,,,,,,1163.7205,1218.0328,1,0,1,0,1,,
,,2026-01-20_13h46.43.819,ant_ver113,2025.2.3,Win32,58.82352941,126309,,,,,1218.0511,1219.0403,1,1219.0418,1223.0343,right,1,0.7998,,,,,,,,,stim/centre.png,stim/incongRight.png,-1,right,0,,,,,,0,0,0,25,1,,,,,,,,,
,,2026-01-20_13h46.43.819,ant_ver113,2025.2.3,Win32,58.82352941,126309,,,,,1223.0349,1224.2287,1.2,1224.2306,1228.2178,left,1,0.5016,,,,,,,,,stim/lower.png,stim/incongLeft.png,-1,left,0,,,,,,0,1,1,10,1,,,,,,,,,
,,2026-01-20_13h46.43.819,ant_ver113,2025.2.3,Win32,58.82352941,126309,,,,,1228.2184,1228.9681,0.75,1228.9699,1232.9693,right,1,0.5404,,,,,,,,,stim/blank.png,stim/congRight.png,1,right,0,,,,,,0,2,2,45,1,,,,,,,,,
,,2026-01-20_13h46.43.819,ant_ver113,2025.2.3,Win32,58.82352941,126309,,,,,1232.9699,1233.9692,1,1233.9696,1237.9816,right,1,0.514,,,,,,,,,stim/blank.png,stim/neutralRight.png,-1,right,0,,,,,,0,3,3,36,1,,,,,,,,,
,,2026-01-20_13h46.43.819,ant_ver113,2025.2.3,Win32,58.82352941,126309,,,,,1237.9825,1239.4462,1.45,1239.4482,1243.4344,left,1,0.6188,,,,,,,,,stim/blank.png,stim/neutralLeft.png,1,left,0,,,,,,0,4,4,42,1,,,,,,,,,
,,2026-01-20_13h46.43.819,ant_ver113,2025.2.3,Win32,58.82352941,126309,,,,,1243.4355,1244.3842,0.95,1244.3852,1248.3848,left,1,0.5027,,,,,,,,,stim/both.png,stim/congLeft.png,1,left,0,,,,,,0,5,5,34,1,,,,,,,,,
,,2026-01-20_13h46.43.819,ant_ver113,2025.2.3,Win32,58.82352941,126309,,,,,1248.3858,1249.3895,1,1249.3901,1253.3842,left,1,0.5048,,,,,,,,,stim/centre.png,stim/congLeft.png,-1,left,0,,,,,,0,6,6,9,1,,,,,,,,,
,,2026-01-20_13h46.43.819,ant_ver113,2025.2.3,Win32,58.82352941,126309,,,,,1253.3853,1254.2849,0.9,1254.2862,1258.2814,left,1,0.4506,,,,,,,,,stim/upper.png,stim/congLeft.png,1,left,0,,,,,,0,7,7,24,1,,,,,,,,,
,,2026-01-20_13h46.43.819,ant_ver113,2025.2.3,Win32,58.82352941,126309,,,,,1258.2823,1259.0291,0.75,1259.0306,1263.0201,left,1,0.4548,,,,,,,,,stim/upper.png,stim/neutralLeft.png,1,left,0,,,,,,0,8,8,8,1,,,,,,,,,
,,2026-01-20_13h46.43.819,ant_ver113,2025.2.3,Win32,58.82352941,126309,,,,,1263.021,1263.9726,0.95,1263.9738,1267.9654,left,1,0.6182,,,,,,,,,stim/both.png,stim/incongLeft.png,-1,left,0,,,,,,0,9,9,37,1,,,,,,,,,
,,2026-01-20_13h46.43.819,ant_ver113,2025.2.3,Win32,58.82352941,126309,,,,,1267.9661,1268.471,0.5,1268.4721,1272.4679,left,1,0.7364,,,,,,,,,stim/blank.png,stim/congLeft.png,-1,left,0,,,,,,0,10,10,15,1,,,,,,,,,
,,2026-01-20_13h46.43.819,ant_ver113,2025.2.3,Win32,58.82352941,126309,,,,,1272.4688,1273.6674,1.2,1273.6686,1277.6642,left,1,0.9338,,,,,,,,,stim/blank.png,stim/congLeft.png,1,left,0,,,,,,0,11,11,6,1,,,,,,,,,
,,2026-01-20_13h46.43.819,ant_ver113,2025.2.3,Win32,58.82352941,126309,,,,,1277.6654,1278.6648,1,1278.666,1282.6624,left,1,0.6763,,,,,,,,,stim/centre.png,stim/neutralLeft.png,-1,left,0,,,,,,0,12,12,14,1,,,,,,,,,
,,2026-01-20_13h46.43.819,ant_ver113,2025.2.3,Win32,58.82352941,126309,,,,,1282.6635,1283.4153,0.75,1283.4159,1287.4303,right,1,0.5369,,,,,,,,,stim/both.png,stim/congRight.png,1,right,0,,,,,,0,13,13,47,1,,,,,,,,,
,,2026-01-20_13h46.43.819,ant_ver113,2025.2.3,Win32,58.82352941,126309,,,,,1287.4312,1288.7778,1.35,1288.7789,1292.7759,right,1,0.5164,,,,,,,,,stim/upper.png,stim/neutralRight.png,1,right,0,,,,,,0,14,14,27,1,,,,,,,,,
,,2026-01-20_13h46.43.819,ant_ver113,2025.2.3,Win32,58.82352941,126309,,,,,1292.7767,1293.2211,0.45,1293.2223,1297.2117,right,1,0.4149,,,,,,,,,stim/centre.png,stim/congRight.png,1,right,0,,,,,,0,15,15,2,1,,,,,,,,,
,,2026-01-20_13h46.43.819,ant_ver113,2025.2.3,Win32,58.82352941,126309,,,,,1297.2125,1297.9628,0.75,1297.9634,1301.9667,right,1,0.4632,,,,,,,,,stim/upper.png,stim/congRight.png,1,right,0,,,,,,0,16,16,30,1,,,,,,,,,
,,2026-01-20_13h46.43.819,ant_ver113,2025.2.3,Win32,58.82352941,126309,,,,,1301.9672,1303.3173,1.35,1303.3187,1307.3171,left,1,0.7018,,,,,,,,,stim/blank.png,stim/incongLeft.png,-1,left,0,,,,,,0,17,17,16,1,,,,,,,,,
,,2026-01-20_13h46.43.819,ant_ver113,2025.2.3,Win32,58.82352941,126309,,,,,1307.3179,1308.6166,1.3,1308.6183,1312.6176,left,1,1.0502,,,,,,,,,stim/blank.png,stim/neutralLeft.png,-1,left,0,,,,,,0,18,18,32,1,,,,,,,,,
,,2026-01-20_13h46.43.819,ant_ver113,2025.2.3,Win32,58.82352941,126309,,,,,1312.6185,1313.2187,0.6,1313.2198,1317.2189,right,1,0.5338,,,,,,,,,stim/centre.png,stim/congRight.png,-1,right,0,,,,,,0,19,19,0,1,,,,,,,,,
,,2026-01-20_13h46.43.819,ant_ver113,2025.2.3,Win32,58.82352941,126309,,,,,1317.2196,1317.7166,0.5,1317.7179,1321.7125,left,1,0.513,,,,,,,,,stim/centre.png,stim/neutralLeft.png,1,left,0,,,,,,0,20,20,22,1,,,,,,,,,
,,2026-01-20_13h46.43.819,ant_ver113,2025.2.3,Win32,58.82352941,126309,,,,,1321.7131,1322.7012,1,1322.7027,1326.6999,left,1,0.5673,,,,,,,,,stim/both.png,stim/congLeft.png,-1,left,0,,,,,,0,21,21,5,1,,,,,,,,,
,,2026-01-20_13h46.43.819,ant_ver113,2025.2.3,Win32,58.82352941,126309,,,,,1326.7008,1327.8119,1.1,1327.8136,1331.8008,right,1,0.4505,,,,,,,,,stim/lower.png,stim/neutralRight.png,-1,right,0,,,,,,0,22,22,28,1,,,,,,,,,
,,2026-01-20_13h46.43.819,ant_ver113,2025.2.3,Win32,58.82352941,126309,,,,,1331.802,1332.2506,0.45,1332.2519,1336.2505,right,1,0.4556,,,,,,,,,stim/both.png,stim/neutralRight.png,1,right,0,,,,,,0,23,23,23,1,,,,,,,,,
,,2026-01-20_13h46.43.819,ant_ver113,2025.2.3,Win32,58.82352941,126309,,,,,1336.2513,1337.6002,1.35,1337.6016,1341.6013,left,1,0.5683,,,,,,,,,stim/centre.png,stim/incongLeft.png,1,left,0,,,,,,0,24,24,46,1,,,,,,,,,
,,2026-01-20_13h46.43.819,ant_ver113,2025.2.3,Win32,58.82352941,126309,,,,,1341.6018,1342.0007,0.4,1342.0023,1346.0006,right,1,0.5304,,,,,,,,,stim/both.png,stim/incongRight.png,1,right,0,,,,,,0,25,25,44,1,,,,,,,,,
,,2026-01-20_13h46.43.819,ant_ver113,2025.2.3,Win32,58.82352941,126309,,,,,1346.0013,1346.6505,0.65,1346.6517,1350.6501,right,1,0.5551,,,,,,,,,stim/blank.png,stim/incongRight.png,1,right,0,,,,,,0,26,26,40,1,,,,,,,,,
,,2026-01-20_13h46.43.819,ant_ver113,2025.2.3,Win32,58.82352941,126309,,,,,1350.6509,1351.0508,0.4,1351.0519,1355.0497,left,1,0.5536,,,,,,,,,stim/centre.png,stim/incongLeft.png,-1,left,0,,,,,,0,27,27,21,1,,,,,,,,,
,,2026-01-20_13h46.43.819,ant_ver113,2025.2.3,Win32,58.82352941,126309,,,,,1355.0504,1356.6008,1.55,1356.6014,1360.6013,right,0,1.0693,,,,,,,,,stim/upper.png,stim/incongLeft.png,1,left,0,,,,,,0,28,28,33,1,,,,,,,,,
,,2026-01-20_13h46.43.819,ant_ver113,2025.2.3,Win32,58.82352941,126309,,,,,1360.602,1361.4499,0.85,1361.4518,1365.4492,left,1,1.0362,,,,,,,,,stim/lower.png,stim/congLeft.png,-1,left,0,,,,,,0,29,29,12,1,,,,,,,,,
,,2026-01-20_13h46.43.819,ant_ver113,2025.2.3,Win32,58.82352941,126309,,,,,1365.45,1366.6026,1.15,1366.6035,1370.6008,right,1,0.6313,,,,,,,,,stim/lower.png,stim/incongRight.png,-1,right,0,,,,,,0,30,30,19,1,,,,,,,,,
,,2026-01-20_13h46.43.819,ant_ver113,2025.2.3,Win32,58.82352941,126309,,,,,1370.6014,1371.0997,0.5,1371.1011,1375.0998,left,1,0.5668,,,,,,,,,stim/lower.png,stim/neutralLeft.png,-1,left,0,,,,,,0,31,31,38,1,,,,,,,,,
,,2026-01-20_13h46.43.819,ant_ver113,2025.2.3,Win32,58.82352941,126309,,,,,1375.1006,1375.802,0.7,1375.803,1379.8009,right,1,0.4892,,,,,,,,,stim/blank.png,stim/neutralRight.png,1,right,0,,,,,,0,32,32,39,1,,,,,,,,,
,,2026-01-20_13h46.43.819,ant_ver113,2025.2.3,Win32,58.82352941,126309,,,,,1379.8019,1380.6996,0.9,1380.7006,1384.6919,left,1,0.7666,,,,,,,,,stim/both.png,stim/neutralLeft.png,-1,left,0,,,,,,0,33,33,17,1,,,,,,,,,
,,2026-01-20_13h46.43.819,ant_ver113,2025.2.3,Win32,58.82352941,126309,,,,,1384.6927,1386.0388,1.35,1386.0396,1390.0334,right,1,0.5155,,,,,,,,,stim/upper.png,stim/incongRight.png,1,right,0,,,,,,0,34,34,11,1,,,,,,,,,
,,2026-01-20_13h46.43.819,ant_ver113,2025.2.3,Win32,58.82352941,126309,,,,,1390.0342,1390.7329,0.7,1390.734,1394.7329,right,1,0.7825,,,,,,,,,stim/both.png,stim/incongRight.png,-1,right,0,,,,,,0,35,35,3,1,,,,,,,,,
,,2026-01-20_13h46.43.819,ant_ver113,2025.2.3,Win32,58.82352941,126309,,,,,1394.7337,1395.9828,1.25,1395.9837,1399.9838,right,1,0.4248,,,,,,,,,stim/both.png,stim/neutralRight.png,-1,right,0,,,,,,0,36,36,41,1,,,,,,,,,
,,2026-01-20_13h46.43.819,ant_ver113,2025.2.3,Win32,58.82352941,126309,,,,,1399.9846,1400.6329,0.65,1400.6352,1404.6329,left,1,0.5618,,,,,,,,,stim/blank.png,stim/incongLeft.png,1,left,0,,,,,,0,37,37,20,1,,,,,,,,,
,,2026-01-20_13h46.43.819,ant_ver113,2025.2.3,Win32,58.82352941,126309,,,,,1404.6338,1405.6828,1.05,1405.6843,1409.6827,right,1,0.5751,,,,,,,,,stim/blank.png,stim/incongRight.png,-1,right,0,,,,,,0,38,38,7,1,,,,,,,,,
,,2026-01-20_13h46.43.819,ant_ver113,2025.2.3,Win32,58.82352941,126309,,,,,1409.6842,1411.0327,1.35,1411.0342,1415.0325,right,1,0.5143,,,,,,,,,stim/centre.png,stim/neutralRight.png,-1,right,0,,,,,,0,39,39,35,1,,,,,,,,,
,,2026-01-20_13h46.43.819,ant_ver113,2025.2.3,Win32,58.82352941,126309,,,,,1415.0341,1416.2329,1.2,1416.2342,1420.233,left,1,0.4517,,,,,,,,,stim/both.png,stim/neutralLeft.png,1,left,0,,,,,,0,40,40,31,1,,,,,,,,,
,,2026-01-20_13h46.43.819,ant_ver113,2025.2.3,Win32,58.82352941,126309,,,,,1420.2338,1420.733,0.5,1420.7339,1424.7324,right,1,0.8537,,,,,,,,,stim/centre.png,stim/neutralRight.png,1,right,0,,,,,,0,41,41,29,1,,,,,,,,,
,,2026-01-20_13h46.43.819,ant_ver113,2025.2.3,Win32,58.82352941,126309,,,,,1424.7331,1425.9332,1.2,1425.934,1429.933,right,1,0.9215,,,,,,,,,stim/centre.png,stim/incongRight.png,1,right,0,,,,,,0,42,42,26,1,,,,,,,,,
,,2026-01-20_13h46.43.819,ant_ver113,2025.2.3,Win32,58.82352941,126309,,,,,1429.9337,1430.9328,1,1430.9339,1434.9327,right,1,0.7824,,,,,,,,,stim/both.png,stim/congRight.png,-1,right,0,,,,,,0,43,43,13,1,,,,,,,,,
,,2026-01-20_13h46.43.819,ant_ver113,2025.2.3,Win32,58.82352941,126309,,,,,1434.9334,1435.3322,0.4,1435.3335,1439.3351,right,1,1.0159,,,,,,,,,stim/blank.png,stim/congRight.png,-1,right,0,,,,,,0,44,44,18,1,,,,,,,,,
,,2026-01-20_13h46.43.819,ant_ver113,2025.2.3,Win32,58.82352941,126309,,,,,1439.3359,1440.2821,0.95,1440.2831,1444.2818,right,1,0.5492,,,,,,,,,stim/lower.png,stim/congRight.png,-1,right,0,,,,,,0,45,45,43,1,,,,,,,,,
,,2026-01-20_13h46.43.819,ant_ver113,2025.2.3,Win32,58.82352941,126309,,,,,1444.2825,1445.3323,1.05,1445.3336,1449.3325,left,1,0.834,,,,,,,,,stim/both.png,stim/incongLeft.png,1,left,0,,,,,,0,46,46,1,1,,,,,,,,,
,,2026-01-20_13h46.43.819,ant_ver113,2025.2.3,Win32,58.82352941,126309,,,,,1449.3335,1449.8829,0.55,1449.884,1453.8847,left,1,0.6532,,,,,,,,,stim/centre.png,stim/congLeft.png,1,left,0,,,,,,0,47,47,4,1,,,,,,,,,
,,2026-01-20_13h46.43.819,ant_ver113,2025.2.3,Win32,58.82352941,126309,,,,,1453.8858,1454.6849,0.8,1454.6855,1458.6818,left,1,0.7858,,,,,,,,,stim/blank.png,stim/neutralLeft.png,1,left,0,,,,,,1,0,48,42,1,,,,,,,,,
,,2026-01-20_13h46.43.819,ant_ver113,2025.2.3,Win32,58.82352941,126309,,,,,1458.6824,1459.1823,0.5,1459.1834,1463.1826,right,1,0.75,,,,,,,,,stim/blank.png,stim/neutralRight.png,1,right,0,,,,,,1,1,49,39,1,,,,,,,,,
,,2026-01-20_13h46.43.819,ant_ver113,2025.2.3,Win32,58.82352941,126309,,,,,1463.1832,1463.5822,0.4,1463.5834,1467.5824,left,1,0.6179,,,,,,,,,stim/centre.png,stim/congLeft.png,1,left,0,,,,,,1,2,50,4,1,,,,,,,,,
,,2026-01-20_13h46.43.819,ant_ver113,2025.2.3,Win32,58.82352941,126309,,,,,1467.5831,1468.7327,1.15,1468.7341,1472.7325,right,1,1.1633,,,,,,,,,stim/blank.png,stim/congRight.png,-1,right,0,,,,,,1,3,51,18,1,,,,,,,,,
,,2026-01-20_13h46.43.819,ant_ver113,2025.2.3,Win32,58.82352941,126309,,,,,1472.7333,1473.5825,0.85,1473.584,1477.5823,right,1,0.6129,,,,,,,,,stim/lower.png,stim/neutralRight.png,-1,right,0,,,,,,1,4,52,28,1,,,,,,,,,
,,2026-01-20_13h46.43.819,ant_ver113,2025.2.3,Win32,58.82352941,126309,,,,,1477.5831,1478.4323,0.85,1478.4336,1482.4326,left,1,0.6737,,,,,,,,,stim/both.png,stim/neutralLeft.png,-1,left,0,,,,,,1,5,53,17,1,,,,,,,,,
,,2026-01-20_13h46.43.819,ant_ver113,2025.2.3,Win32,58.82352941,126309,,,,,1482.4333,1483.7352,1.3,1483.7359,1487.7324,right,1,0.8376,,,,,,,,,stim/blank.png,stim/incongRight.png,1,right,0,,,,,,1,6,54,40,1,,,,,,,,,
,,2026-01-20_13h46.43.819,ant_ver113,2025.2.3,Win32,58.82352941,126309,,,,,1487.7334,1488.682,0.95,1488.6831,1492.6829,right,1,0.6173,,,,,,,,,stim/centre.png,stim/neutralRight.png,1,right,0,,,,,,1,7,55,29,1,,,,,,,,,
,,2026-01-20_13h46.43.819,ant_ver113,2025.2.3,Win32,58.82352941,126309,,,,,1492.6837,1493.9326,1.25,1493.9339,1497.9335,right,1,0.9366,,,,,,,,,stim/both.png,stim/incongRight.png,-1,right,0,,,,,,1,8,56,3,1,,,,,,,,,
,,2026-01-20_13h46.43.819,ant_ver113,2025.2.3,Win32,58.82352941,126309,,,,,1497.9342,1499.4821,1.55,1499.4836,1503.4831,left,1,0.7179,,,,,,,,,stim/centre.png,stim/incongLeft.png,1,left,0,,,,,,1,9,57,46,1,,,,,,,,,
,,2026-01-20_13h46.43.819,ant_ver113,2025.2.3,Win32,58.82352941,126309,,,,,1503.4838,1504.182,0.7,1504.1835,1508.1818,left,1,0.7146,,,,,,,,,stim/both.png,stim/incongLeft.png,1,left,0,,,,,,1,10,58,1,1,,,,,,,,,
,,2026-01-20_13h46.43.819,ant_ver113,2025.2.3,Win32,58.82352941,126309,,,,,1508.1824,1509.7314,1.55,1509.7326,1513.7359,left,1,0.6916,,,,,,,,,stim/upper.png,stim/congLeft.png,1,left,0,,,,,,1,11,59,24,1,,,,,,,,,
,,2026-01-20_13h46.43.819,ant_ver113,2025.2.3,Win32,58.82352941,126309,,,,,1513.7365,1515.1817,1.45,1515.1826,1519.1817,left,1,0.6992,,,,,,,,,stim/lower.png,stim/congLeft.png,-1,left,0,,,,,,1,12,60,12,1,,,,,,,,,
,,2026-01-20_13h46.43.819,ant_ver113,2025.2.3,Win32,58.82352941,126309,,,,,1519.1826,1519.5822,0.4,1519.5831,1523.5827,right,1,0.812,,,,,,,,,stim/lower.png,stim/incongRight.png,-1,right,0,,,,,,1,13,61,19,1,,,,,,,,,
,,2026-01-20_13h46.43.819,ant_ver113,2025.2.3,Win32,58.82352941,126309,,,,,1523.5834,1525.1324,1.55,1525.1334,1529.132,left,1,0.7151,,,,,,,,,stim/upper.png,stim/neutralLeft.png,1,left,0,,,,,,1,14,62,8,1,,,,,,,,,
,,2026-01-20_13h46.43.819,ant_ver113,2025.2.3,Win32,58.82352941,126309,,,,,1529.1327,1530.6836,1.55,1530.6846,1534.6813,right,1,0.7155,,,,,,,,,stim/both.png,stim/neutralRight.png,-1,right,0,,,,,,1,15,63,41,1,,,,,,,,,
,,2026-01-20_13h46.43.819,ant_ver113,2025.2.3,Win32,58.82352941,126309,,,,,1534.6819,1535.6817,1,1535.6826,1539.6816,right,1,0.6511,,,,,,,,,stim/centre.png,stim/congRight.png,-1,right,0,,,,,,1,16,64,0,1,,,,,,,,,
,,2026-01-20_13h46.43.819,ant_ver113,2025.2.3,Win32,58.82352941,126309,,,,,1539.6828,1540.6317,0.95,1540.633,1544.6336,left,1,0.6587,,,,,,,,,stim/centre.png,stim/neutralLeft.png,-1,left,0,,,,,,1,17,65,14,1,,,,,,,,,
,,2026-01-20_13h46.43.819,ant_ver113,2025.2.3,Win32,58.82352941,126309,,,,,1544.6341,1545.8342,1.2,1545.8357,1549.8316,left,1,1.0841,,,,,,,,,stim/blank.png,stim/incongLeft.png,1,left,0,,,,,,1,18,66,20,1,,,,,,,,,
,,2026-01-20_13h46.43.819,ant_ver113,2025.2.3,Win32,58.82352941,126309,,,,,1549.8324,1550.2817,0.45,1550.2829,1554.2816,right,1,0.8456,,,,,,,,,stim/upper.png,stim/neutralRight.png,1,right,0,,,,,,1,19,67,27,1,,,,,,,,,
,,2026-01-20_13h46.43.819,ant_ver113,2025.2.3,Win32,58.82352941,126309,,,,,1554.2823,1555.681,1.4,1555.6821,1559.6815,right,1,0.7727,,,,,,,,,stim/centre.png,stim/congRight.png,1,right,0,,,,,,1,20,68,2,1,,,,,,,,,
,,2026-01-20_13h46.43.819,ant_ver113,2025.2.3,Win32,58.82352941,126309,,,,,1559.6824,1560.1818,0.5,1560.1832,1564.1825,left,1,0.5538,,,,,,,,,stim/both.png,stim/congLeft.png,1,left,0,,,,,,1,21,69,34,1,,,,,,,,,
,,2026-01-20_13h46.43.819,ant_ver113,2025.2.3,Win32,58.82352941,126309,,,,,1564.1831,1565.6323,1.45,1565.6334,1569.6334,left,1,0.8004,,,,,,,,,stim/centre.png,stim/incongLeft.png,-1,left,0,,,,,,1,22,70,21,1,,,,,,,,,
,,2026-01-20_13h46.43.819,ant_ver113,2025.2.3,Win32,58.82352941,126309,,,,,1569.6338,1570.1831,0.55,1570.184,1574.1812,right,1,0.6451,,,,,,,,,stim/lower.png,stim/congRight.png,-1,right,0,,,,,,1,23,71,43,1,,,,,,,,,
,,2026-01-20_13h46.43.819,ant_ver113,2025.2.3,Win32,58.82352941,126309,,,,,1574.1824,1575.5315,1.35,1575.5327,1579.5317,left,1,0.7211,,,,,,,,,stim/both.png,stim/incongLeft.png,-1,left,0,,,,,,1,24,72,37,1,,,,,,,,,
,,2026-01-20_13h46.43.819,ant_ver113,2025.2.3,Win32,58.82352941,126309,,,,,1579.5327,1580.7309,1.2,1580.7326,1584.7212,left,1,0.59,,,,,,,,,stim/lower.png,stim/incongLeft.png,-1,left,0,,,,,,1,25,73,10,1,,,,,,,,,
,,2026-01-20_13h46.43.819,ant_ver113,2025.2.3,Win32,58.82352941,126309,,,,,1584.7222,1585.2643,0.55,1585.2653,1589.2643,right,1,0.6843,,,,,,,,,stim/centre.png,stim/neutralRight.png,-1,right,0,,,,,,1,26,74,35,1,,,,,,,,,
,,2026-01-20_13h46.43.819,ant_ver113,2025.2.3,Win32,58.82352941,126309,,,,,1589.2653,1590.6145,1.35,1590.6153,1594.6146,left,1,0.6845,,,,,,,,,stim/blank.png,stim/neutralLeft.png,-1,left,0,,,,,,1,27,75,32,1,,,,,,,,,
,,2026-01-20_13h46.43.819,ant_ver113,2025.2.3,Win32,58.82352941,126309,,,,,1594.6155,1595.5648,0.95,1595.5663,1599.5645,left,1,0.7885,,,,,,,,,stim/centre.png,stim/congLeft.png,-1,left,0,,,,,,1,28,76,9,1,,,,,,,,,
,,2026-01-20_13h46.43.819,ant_ver113,2025.2.3,Win32,58.82352941,126309,,,,,1599.5652,1600.3686,0.8,1600.3694,1604.3657,right,1,0.8889,,,,,,,,,stim/centre.png,stim/incongRight.png,-1,right,0,,,,,,1,29,77,25,1,,,,,,,,,
,,2026-01-20_13h46.43.819,ant_ver113,2025.2.3,Win32,58.82352941,126309,,,,,1604.3667,1605.8642,1.5,1605.8652,1609.8639,left,1,0.7156,,,,,,,,,stim/blank.png,stim/congLeft.png,1,left,0,,,,,,1,30,78,6,1,,,,,,,,,
,,2026-01-20_13h46.43.819,ant_ver113,2025.2.3,Win32,58.82352941,126309,,,,,1609.8646,1610.7642,0.9,1610.7653,1614.7636,left,1,0.6843,,,,,,,,,stim/both.png,stim/congLeft.png,-1,left,0,,,,,,1,31,79,5,1,,,,,,,,,
,,2026-01-20_13h46.43.819,ant_ver113,2025.2.3,Win32,58.82352941,126309,,,,,1614.7642,1615.1635,0.4,1615.1645,1619.1636,left,1,0.8343,,,,,,,,,stim/centre.png,stim/neutralLeft.png,1,left,0,,,,,,1,32,80,22,1,,,,,,,,,
,,2026-01-20_13h46.43.819,ant_ver113,2025.2.3,Win32,58.82352941,126309,,,,,1619.1648,1620.4137,1.25,1620.4149,1624.4142,right,1,0.849,,,,,,,,,stim/blank.png,stim/congRight.png,1,right,0,,,,,,1,33,81,45,1,,,,,,,,,
,,2026-01-20_13h46.43.819,ant_ver113,2025.2.3,Win32,58.82352941,126309,,,,,1624.415,1625.6136,1.2,1625.6146,1629.6156,right,1,0.6182,,,,,,,,,stim/both.png,stim/congRight.png,1,right,0,,,,,,1,34,82,47,1,,,,,,,,,
,,2026-01-20_13h46.43.819,ant_ver113,2025.2.3,Win32,58.82352941,126309,,,,,1629.6162,1630.914,1.3,1630.9151,1634.9135,right,1,0.7356,,,,,,,,,stim/both.png,stim/incongRight.png,1,right,0,,,,,,1,35,83,44,1,,,,,,,,,
,,2026-01-20_13h46.43.819,ant_ver113,2025.2.3,Win32,58.82352941,126309,,,,,1634.9144,1635.5662,0.65,1635.5669,1639.5637,right,1,0.6682,,,,,,,,,stim/blank.png,stim/neutralRight.png,-1,right,0,,,,,,1,36,84,36,1,,,,,,,,,
,,2026-01-20_13h46.43.819,ant_ver113,2025.2.3,Win32,58.82352941,126309,,,,,1639.5645,1640.3657,0.8,1640.3667,1644.3633,right,1,0.7045,,,,,,,,,stim/centre.png,stim/incongRight.png,1,right,0,,,,,,1,37,85,26,1,,,,,,,,,
,,2026-01-20_13h46.43.819,ant_ver113,2025.2.3,Win32,58.82352941,126309,,,,,1644.3644,1644.8636,0.5,1644.8653,1648.8642,left,1,0.9157,,,,,,,,,stim/blank.png,stim/congLeft.png,-1,left,0,,,,,,1,38,86,15,1,,,,,,,,,
,,2026-01-20_13h46.43.819,ant_ver113,2025.2.3,Win32,58.82352941,126309,,,,,1648.8652,1650.0136,1.15,1650.0155,1654.0132,left,1,0.6559,,,,,,,,,stim/both.png,stim/neutralLeft.png,1,left,0,,,,,,1,39,87,31,1,,,,,,,,,
,,2026-01-20_13h46.43.819,ant_ver113,2025.2.3,Win32,58.82352941,126309,,,,,1654.0138,1655.0137,1,1655.0149,1659.0137,right,1,0.7168,,,,,,,,,stim/upper.png,stim/congRight.png,1,right,0,,,,,,1,40,88,30,1,,,,,,,,,
,,2026-01-20_13h46.43.819,ant_ver113,2025.2.3,Win32,58.82352941,126309,,,,,1659.0144,1660.2644,1.25,1660.2654,1664.2635,right,1,0.5906,,,,,,,,,stim/upper.png,stim/incongRight.png,1,right,0,,,,,,1,41,89,11,1,,,,,,,,,
,,2026-01-20_13h46.43.819,ant_ver113,2025.2.3,Win32,58.82352941,126309,,,,,1664.2646,1664.9633,0.7,1664.9658,1668.9637,left,1,1.082,,,,,,,,,stim/blank.png,stim/incongLeft.png,-1,left,0,,,,,,1,42,90,16,1,,,,,,,,,
,,2026-01-20_13h46.43.819,ant_ver113,2025.2.3,Win32,58.82352941,126309,,,,,1668.9645,1670.1634,1.2,1670.1642,1674.1637,right,1,0.642,,,,,,,,,stim/both.png,stim/congRight.png,-1,right,0,,,,,,1,43,91,13,1,,,,,,,,,
,,2026-01-20_13h46.43.819,ant_ver113,2025.2.3,Win32,58.82352941,126309,,,,,1674.1646,1674.6632,0.5,1674.6648,1678.6662,left,1,0.6349,,,,,,,,,stim/lower.png,stim/neutralLeft.png,-1,left,0,,,,,,1,44,92,38,1,,,,,,,,,
,,2026-01-20_13h46.43.819,ant_ver113,2025.2.3,Win32,58.82352941,126309,,,,,1678.6668,1679.7148,1.05,1679.7159,1683.7138,left,1,0.8613,,,,,,,,,stim/upper.png,stim/incongLeft.png,1,left,0,,,,,,1,45,93,33,1,,,,,,,,,
,,2026-01-20_13h46.43.819,ant_ver113,2025.2.3,Win32,58.82352941,126309,,,,,1683.7144,1684.5635,0.85,1684.5651,1688.5651,right,1,0.5393,,,,,,,,,stim/both.png,stim/neutralRight.png,1,right,0,,,,,,1,46,94,23,1,,,,,,,,,
,,2026-01-20_13h46.43.819,ant_ver113,2025.2.3,Win32,58.82352941,126309,,,,,1688.5658,1689.414,0.85,1689.4151,1693.4128,right,1,0.8231,,,,,,,,,stim/blank.png,stim/incongRight.png,-1,right,0,,,,,,1,47,95,7,1,,,,,,,,,
,,2026-01-20_13h46.43.819,ant_ver113,2025.2.3,Win32,58.82352941,126309,,,,,,,,,,,,,,,,,,,,,,,,,,,,,,,,,,,,1693.4147,1693.4169,2,0,2,0,1,,
,,2026-01-20_13h46.43.819,ant_ver113,2025.2.3,Win32,58.82352941,126309,,,,,,,,,,,,,,,,,,,,,,,,,,,,,,,,,,,,,,,,,,,1693.4173,1695.9059
