PreExperiment.started,PreExperiment.stopped,date,expName,psychopyVersion,OS,frameRate,PracInstruc.started,PracInstruc.stopped,PracInstruct2.started,PracInstruct2.stopped,fixation.started,fixation.stopped,fixDuration,trial.started,trial.stopped,resp.keys,resp.corr,resp.rt,resp.duration,feedback.started,feedback.stopped,pracLoop.thisRepN,pracLoop.thisTrialN,pracLoop.thisN,pracLoop.thisIndex,pracLoop.ran,cue,tar,pos_loc,corrAns,targOrientation,MainInstruc.started,MainInstruc.stopped,instResp.keys,instResp.rt,instResp.duration,mainLoop.thisRepN,mainLoop.thisTrialN,mainLoop.thisN,mainLoop.thisIndex,mainLoop.ran,Rest.started,Rest.stopped,blockLoop.thisRepN,blockLoop.thisTrialN,blockLoop.thisN,blockLoop.thisIndex,blockLoop.ran,End.started,End.stopped
0.0002,94.2033,2026-03-19_14h57.06.162,ant_ver113,2025.2.3,MacIntel,120.4819277,,,,,,,,,,,,,,,,,,,,,,,,,,,,,,,,,,,,,,,,,,,,
,,2026-03-19_14h57.06.162,ant_ver113,2025.2.3,MacIntel,120.4819277,94.2036,106.4283,,,,,,,,,,,,,,,,,,,,,,,,,,,,,,,,,,,,,,,,,,
,,2026-03-19_14h57.06.162,ant_ver113,2025.2.3,MacIntel,120.4819277,,,106.4284,117.8538,,,,,,,,,,,,,,,,,,,,,,,,,,,,,,,,,,,,,,,,
,,2026-03-19_14h57.06.162,ant_ver113,2025.2.3,MacIntel,120.4819277,,,,,117.872,118.8693,1,118.8706,122.87,left,1,0.6507,,122.8703,123.8699,0,0,0,15,1,stim/blank.png,stim/congLeft.png,-1,left,0,,,,,,,,,,,,,,,,,,,
,,2026-03-19_14h57.06.162,ant_ver113,2025.2.3,MacIntel,120.4819277,,,,,123.8704,124.9197,1.05,124.92,128.9202,left,1,0.4035,,128.9212,129.9199,0,1,1,10,1,stim/lower.png,stim/incongLeft.png,-1,left,0,,,,,,,,,,,,,,,,,,,
,,2026-03-19_14h57.06.162,ant_ver113,2025.2.3,MacIntel,120.4819277,,,,,129.9204,130.4196,0.5,130.4202,134.4199,left,1,0.435,,134.4206,135.4197,0,2,2,8,1,stim/upper.png,stim/neutralLeft.png,1,left,0,,,,,,,,,,,,,,,,,,,
,,2026-03-19_14h57.06.162,ant_ver113,2025.2.3,MacIntel,120.4819277,,,,,135.42,136.1697,0.75,136.1705,140.1688,left,1,0.408,,140.1694,141.1699,0,3,3,14,1,stim/centre.png,stim/neutralLeft.png,-1,left,0,,,,,,,,,,,,,,,,,,,
,,2026-03-19_14h57.06.162,ant_ver113,2025.2.3,MacIntel,120.4819277,,,,,141.1703,141.5689,0.4,141.5694,145.5696,right,1,0.3496,,145.5703,146.5699,0,4,4,13,1,stim/both.png,stim/congRight.png,-1,right,0,,,,,,,,,,,,,,,,,,,
,,2026-03-19_14h57.06.162,ant_ver113,2025.2.3,MacIntel,120.4819277,,,,,146.5705,147.4694,0.9,147.4702,151.47,left,1,0.5257,,151.4707,152.4699,0,5,5,21,1,stim/centre.png,stim/incongLeft.png,-1,left,0,,,,,,,,,,,,,,,,,,,
,,2026-03-19_14h57.06.162,ant_ver113,2025.2.3,MacIntel,120.4819277,,,,,152.4703,153.6701,1.2,153.671,157.6703,right,1,0.2909,,157.6715,158.67,0,6,6,3,1,stim/both.png,stim/incongRight.png,-1,right,0,,,,,,,,,,,,,,,,,,,
,,2026-03-19_14h57.06.162,ant_ver113,2025.2.3,MacIntel,120.4819277,,,,,158.6705,159.5697,0.9,159.5703,163.5691,right,1,0.3808,,163.5699,164.5697,0,7,7,23,1,stim/both.png,stim/neutralRight.png,1,right,0,,,,,,,,,,,,,,,,,,,
,,2026-03-19_14h57.06.162,ant_ver113,2025.2.3,MacIntel,120.4819277,,,,,164.5699,165.8702,1.3,165.8712,169.8695,right,1,0.5138,,169.8698,170.8696,0,8,8,18,1,stim/blank.png,stim/congRight.png,-1,right,0,,,,,,,,,,,,,,,,,,,
,,2026-03-19_14h57.06.162,ant_ver113,2025.2.3,MacIntel,120.4819277,,,,,170.8698,171.2695,0.4,171.2698,175.2695,right,1,0.3569,,175.2703,176.2696,0,9,9,11,1,stim/upper.png,stim/incongRight.png,1,right,0,,,,,,,,,,,,,,,,,,,
,,2026-03-19_14h57.06.162,ant_ver113,2025.2.3,MacIntel,120.4819277,,,,,176.27,177.6699,1.4,177.6705,181.6699,left,1,0.4753,,181.6706,182.6696,0,10,10,20,1,stim/blank.png,stim/incongLeft.png,1,left,0,,,,,,,,,,,,,,,,,,,
,,2026-03-19_14h57.06.162,ant_ver113,2025.2.3,MacIntel,120.4819277,,,,,182.6699,183.2197,0.55,183.22,187.2198,left,1,0.359,,187.2208,188.2193,0,11,11,17,1,stim/both.png,stim/neutralLeft.png,-1,left,0,,,,,,,,,,,,,,,,,,,
,,2026-03-19_14h57.06.162,ant_ver113,2025.2.3,MacIntel,120.4819277,,,,,188.2203,189.2195,1,189.22,193.2201,left,1,0.6197,,193.2211,194.2196,0,12,12,16,1,stim/blank.png,stim/incongLeft.png,-1,left,0,,,,,,,,,,,,,,,,,,,
,,2026-03-19_14h57.06.162,ant_ver113,2025.2.3,MacIntel,120.4819277,,,,,194.22,195.2199,1,195.2205,199.2199,right,1,0.6002,,199.2208,200.2195,0,13,13,0,1,stim/centre.png,stim/congRight.png,-1,right,0,,,,,,,,,,,,,,,,,,,
,,2026-03-19_14h57.06.162,ant_ver113,2025.2.3,MacIntel,120.4819277,,,,,200.2202,200.6696,0.45,200.6704,204.6699,,0,,,204.6709,205.6701,0,14,14,7,1,stim/blank.png,stim/incongRight.png,-1,right,0,,,,,,,,,,,,,,,,,,,
,,2026-03-19_14h57.06.162,ant_ver113,2025.2.3,MacIntel,120.4819277,,,,,205.6706,206.8196,1.15,206.82,210.8198,left,1,0.3442,,210.8202,211.8197,0,15,15,4,1,stim/centre.png,stim/congLeft.png,1,left,0,,,,,,,,,,,,,,,,,,,
,,2026-03-19_14h57.06.162,ant_ver113,2025.2.3,MacIntel,120.4819277,,,,,211.82,213.1698,1.35,213.1703,217.1689,left,1,0.4091,,217.1691,218.1695,0,16,16,6,1,stim/blank.png,stim/congLeft.png,1,left,0,,,,,,,,,,,,,,,,,,,
,,2026-03-19_14h57.06.162,ant_ver113,2025.2.3,MacIntel,120.4819277,,,,,218.1697,219.6196,1.45,219.6202,223.6196,right,1,0.4932,,223.6199,224.6197,0,17,17,19,1,stim/lower.png,stim/incongRight.png,-1,right,0,,,,,,,,,,,,,,,,,,,
,,2026-03-19_14h57.06.162,ant_ver113,2025.2.3,MacIntel,120.4819277,,,,,224.6201,225.5198,0.9,225.5207,229.5199,right,1,0.3805,,229.5208,230.5197,0,18,18,2,1,stim/centre.png,stim/congRight.png,1,right,0,,,,,,,,,,,,,,,,,,,
,,2026-03-19_14h57.06.162,ant_ver113,2025.2.3,MacIntel,120.4819277,,,,,230.52,231.4196,0.9,231.4199,235.4201,left,1,0.3525,,235.4208,236.4195,0,19,19,12,1,stim/lower.png,stim/congLeft.png,-1,left,0,,,,,,,,,,,,,,,,,,,
,,2026-03-19_14h57.06.162,ant_ver113,2025.2.3,MacIntel,120.4819277,,,,,236.4197,237.1695,0.75,237.1698,241.17,right,0,0.485,,241.1709,242.1696,0,20,20,5,1,stim/both.png,stim/congLeft.png,-1,left,0,,,,,,,,,,,,,,,,,,,
,,2026-03-19_14h57.06.162,ant_ver113,2025.2.3,MacIntel,120.4819277,,,,,242.1698,243.1687,1,243.1689,247.1698,left,1,0.7964,,247.1702,248.1698,0,21,21,9,1,stim/centre.png,stim/congLeft.png,-1,left,0,,,,,,,,,,,,,,,,,,,
,,2026-03-19_14h57.06.162,ant_ver113,2025.2.3,MacIntel,120.4819277,,,,,248.1701,249.3689,1.2,249.3691,253.3691,left,1,0.5018,,253.37,254.3702,0,22,22,1,1,stim/both.png,stim/incongLeft.png,1,left,0,,,,,,,,,,,,,,,,,,,
,,2026-03-19_14h57.06.162,ant_ver113,2025.2.3,MacIntel,120.4819277,,,,,254.3705,254.9698,0.6,254.9703,258.97,left,1,0.5711,,258.9715,259.969,0,23,23,22,1,stim/centre.png,stim/neutralLeft.png,1,left,0,,,,,,,,,,,,,,,,,,,
,,2026-03-19_14h57.06.162,ant_ver113,2025.2.3,MacIntel,120.4819277,,,,,,,,,,,,,,,,,,,,,,,,,,259.9697,272.8698,space,2.8964,,,,,,,,,,,,,,,
,,2026-03-19_14h57.06.162,ant_ver113,2025.2.3,MacIntel,120.4819277,,,,,272.8744,273.4196,0.55,273.4199,277.4197,right,1,0.655,,,,,,,,,stim/centre.png,stim/congRight.png,-1,right,0,,,,,,0,0,0,0,1,,,,,,,,,
,,2026-03-19_14h57.06.162,ant_ver113,2025.2.3,MacIntel,120.4819277,,,,,277.42,278.8196,1.4,278.8199,282.8196,right,1,0.6714,,,,,,,,,stim/both.png,stim/incongRight.png,1,right,0,,,,,,0,1,1,44,1,,,,,,,,,
,,2026-03-19_14h57.06.162,ant_ver113,2025.2.3,MacIntel,120.4819277,,,,,282.8197,283.7197,0.9,283.72,287.7204,left,1,0.3203,,,,,,,,,stim/lower.png,stim/neutralLeft.png,-1,left,0,,,,,,0,2,2,38,1,,,,,,,,,
,,2026-03-19_14h57.06.162,ant_ver113,2025.2.3,MacIntel,120.4819277,,,,,287.7213,288.3196,0.6,288.3199,292.3199,right,1,0.4345,,,,,,,,,stim/centre.png,stim/congRight.png,1,right,0,,,,,,0,3,3,2,1,,,,,,,,,
,,2026-03-19_14h57.06.162,ant_ver113,2025.2.3,MacIntel,120.4819277,,,,,292.3204,292.87,0.55,292.8706,296.8701,right,1,0.4434,,,,,,,,,stim/blank.png,stim/congRight.png,1,right,0,,,,,,0,4,4,45,1,,,,,,,,,
,,2026-03-19_14h57.06.162,ant_ver113,2025.2.3,MacIntel,120.4819277,,,,,296.8708,297.9202,1.05,297.9207,301.9204,left,1,0.3153,,,,,,,,,stim/both.png,stim/neutralLeft.png,1,left,0,,,,,,0,5,5,31,1,,,,,,,,,
,,2026-03-19_14h57.06.162,ant_ver113,2025.2.3,MacIntel,120.4819277,,,,,301.921,302.7198,0.8,302.7201,306.7198,right,1,0.4492,,,,,,,,,stim/both.png,stim/neutralRight.png,-1,right,0,,,,,,0,6,6,41,1,,,,,,,,,
,,2026-03-19_14h57.06.162,ant_ver113,2025.2.3,MacIntel,120.4819277,,,,,306.7201,307.4701,0.75,307.4709,311.4699,right,1,0.5222,,,,,,,,,stim/lower.png,stim/neutralRight.png,-1,right,0,,,,,,0,7,7,28,1,,,,,,,,,
,,2026-03-19_14h57.06.162,ant_ver113,2025.2.3,MacIntel,120.4819277,,,,,311.4705,312.52,1.05,312.5204,316.5199,right,1,0.4739,,,,,,,,,stim/both.png,stim/congRight.png,1,right,0,,,,,,0,8,8,47,1,,,,,,,,,
,,2026-03-19_14h57.06.162,ant_ver113,2025.2.3,MacIntel,120.4819277,,,,,316.5203,317.6698,1.15,317.6705,321.6698,left,1,0.548,,,,,,,,,stim/upper.png,stim/neutralLeft.png,1,left,0,,,,,,0,9,9,8,1,,,,,,,,,
,,2026-03-19_14h57.06.162,ant_ver113,2025.2.3,MacIntel,120.4819277,,,,,321.6701,322.1198,0.45,322.1201,326.1196,left,1,0.4544,,,,,,,,,stim/both.png,stim/incongLeft.png,1,left,0,,,,,,0,10,10,1,1,,,,,,,,,
,,2026-03-19_14h57.06.162,ant_ver113,2025.2.3,MacIntel,120.4819277,,,,,326.1198,327.12,1,327.1205,331.1199,left,1,0.6551,,,,,,,,,stim/both.png,stim/neutralLeft.png,-1,left,0,,,,,,0,11,11,17,1,,,,,,,,,
,,2026-03-19_14h57.06.162,ant_ver113,2025.2.3,MacIntel,120.4819277,,,,,331.1202,332.2697,1.15,332.27,336.2702,left,1,0.4813,,,,,,,,,stim/both.png,stim/congLeft.png,1,left,0,,,,,,0,12,12,34,1,,,,,,,,,
,,2026-03-19_14h57.06.162,ant_ver113,2025.2.3,MacIntel,120.4819277,,,,,336.2708,337.2199,0.95,337.2205,341.2199,left,1,0.4305,,,,,,,,,stim/centre.png,stim/neutralLeft.png,-1,left,0,,,,,,0,13,13,14,1,,,,,,,,,
,,2026-03-19_14h57.06.162,ant_ver113,2025.2.3,MacIntel,120.4819277,,,,,341.2207,342.3701,1.15,342.3707,346.3699,left,1,0.4913,,,,,,,,,stim/blank.png,stim/neutralLeft.png,-1,left,0,,,,,,0,14,14,32,1,,,,,,,,,
,,2026-03-19_14h57.06.162,ant_ver113,2025.2.3,MacIntel,120.4819277,,,,,346.3704,347.6212,1.25,347.6224,351.6201,right,1,0.5667,,,,,,,,,stim/centre.png,stim/incongRight.png,-1,right,0,,,,,,0,15,15,25,1,,,,,,,,,
,,2026-03-19_14h57.06.162,ant_ver113,2025.2.3,MacIntel,120.4819277,,,,,351.6208,352.87,1.25,352.8706,356.8699,right,1,0.7679,,,,,,,,,stim/blank.png,stim/congRight.png,-1,right,0,,,,,,0,16,16,18,1,,,,,,,,,
,,2026-03-19_14h57.06.162,ant_ver113,2025.2.3,MacIntel,120.4819277,,,,,356.8706,357.62,0.75,357.621,361.6199,left,1,0.6123,,,,,,,,,stim/blank.png,stim/incongLeft.png,1,left,0,,,,,,0,17,17,20,1,,,,,,,,,
,,2026-03-19_14h57.06.162,ant_ver113,2025.2.3,MacIntel,120.4819277,,,,,361.6203,362.1697,0.55,362.1699,366.1698,left,1,0.5121,,,,,,,,,stim/lower.png,stim/congLeft.png,-1,left,0,,,,,,0,18,18,12,1,,,,,,,,,
,,2026-03-19_14h57.06.162,ant_ver113,2025.2.3,MacIntel,120.4819277,,,,,366.1701,367.6697,1.5,367.6702,371.6702,right,1,0.4765,,,,,,,,,stim/both.png,stim/incongRight.png,-1,right,0,,,,,,0,19,19,3,1,,,,,,,,,
,,2026-03-19_14h57.06.162,ant_ver113,2025.2.3,MacIntel,120.4819277,,,,,371.6708,373.1698,1.5,373.1703,377.1698,right,1,0.409,,,,,,,,,stim/centre.png,stim/neutralRight.png,-1,right,0,,,,,,0,20,20,35,1,,,,,,,,,
,,2026-03-19_14h57.06.162,ant_ver113,2025.2.3,MacIntel,120.4819277,,,,,377.1702,378.2198,1.05,378.2206,382.22,right,1,0.4729,,,,,,,,,stim/blank.png,stim/neutralRight.png,1,right,0,,,,,,0,21,21,39,1,,,,,,,,,
,,2026-03-19_14h57.06.162,ant_ver113,2025.2.3,MacIntel,120.4819277,,,,,382.2205,382.8199,0.6,382.8205,386.8196,left,1,0.4086,,,,,,,,,stim/blank.png,stim/congLeft.png,-1,left,0,,,,,,0,22,22,15,1,,,,,,,,,
,,2026-03-19_14h57.06.162,ant_ver113,2025.2.3,MacIntel,120.4819277,,,,,386.8199,387.3198,0.5,387.3202,391.3192,right,1,0.4795,,,,,,,,,stim/both.png,stim/congRight.png,-1,right,0,,,,,,0,23,23,13,1,,,,,,,,,
,,2026-03-19_14h57.06.162,ant_ver113,2025.2.3,MacIntel,120.4819277,,,,,391.3196,391.7192,0.4,391.7203,395.7198,right,1,0.3377,,,,,,,,,stim/upper.png,stim/congRight.png,1,right,0,,,,,,0,24,24,30,1,,,,,,,,,
,,2026-03-19_14h57.06.162,ant_ver113,2025.2.3,MacIntel,120.4819277,,,,,395.7204,397.2198,1.5,397.22,401.2198,left,1,0.4688,,,,,,,,,stim/blank.png,stim/congLeft.png,1,left,0,,,,,,0,25,25,6,1,,,,,,,,,
,,2026-03-19_14h57.06.162,ant_ver113,2025.2.3,MacIntel,120.4819277,,,,,401.2204,402.3697,1.15,402.3699,406.3692,left,1,0.4676,,,,,,,,,stim/centre.png,stim/neutralLeft.png,1,left,0,,,,,,0,26,26,22,1,,,,,,,,,
,,2026-03-19_14h57.06.162,ant_ver113,2025.2.3,MacIntel,120.4819277,,,,,406.3695,407.2697,0.9,407.2699,411.269,left,1,0.5784,,,,,,,,,stim/blank.png,stim/incongLeft.png,-1,left,0,,,,,,0,27,27,16,1,,,,,,,,,
,,2026-03-19_14h57.06.162,ant_ver113,2025.2.3,MacIntel,120.4819277,,,,,411.2693,412.6197,1.35,412.62,416.6202,right,1,0.3465,,,,,,,,,stim/upper.png,stim/incongRight.png,1,right,0,,,,,,0,28,28,11,1,,,,,,,,,
,,2026-03-19_14h57.06.162,ant_ver113,2025.2.3,MacIntel,120.4819277,,,,,416.6208,417.1197,0.5,417.1199,421.1193,left,1,0.4836,,,,,,,,,stim/centre.png,stim/congLeft.png,-1,left,0,,,,,,0,29,29,9,1,,,,,,,,,
,,2026-03-19_14h57.06.162,ant_ver113,2025.2.3,MacIntel,120.4819277,,,,,421.1204,422.6697,1.55,422.6703,426.67,left,1,0.5645,,,,,,,,,stim/centre.png,stim/incongLeft.png,1,left,0,,,,,,0,30,30,46,1,,,,,,,,,
,,2026-03-19_14h57.06.162,ant_ver113,2025.2.3,MacIntel,120.4819277,,,,,426.6705,427.82,1.15,427.8206,431.8198,right,1,0.5012,,,,,,,,,stim/blank.png,stim/neutralRight.png,-1,right,0,,,,,,0,31,31,36,1,,,,,,,,,
,,2026-03-19_14h57.06.162,ant_ver113,2025.2.3,MacIntel,120.4819277,,,,,431.8199,433.1697,1.35,433.17,437.1698,left,1,0.5719,,,,,,,,,stim/both.png,stim/incongLeft.png,-1,left,0,,,,,,0,32,32,37,1,,,,,,,,,
,,2026-03-19_14h57.06.162,ant_ver113,2025.2.3,MacIntel,120.4819277,,,,,437.1699,437.9697,0.8,437.97,441.9697,left,0,0.4901,,,,,,,,,stim/blank.png,stim/incongRight.png,-1,right,0,,,,,,0,33,33,7,1,,,,,,,,,
,,2026-03-19_14h57.06.162,ant_ver113,2025.2.3,MacIntel,120.4819277,,,,,441.97,442.4198,0.45,442.4202,446.4198,right,1,0.3387,,,,,,,,,stim/upper.png,stim/neutralRight.png,1,right,0,,,,,,0,34,34,27,1,,,,,,,,,
,,2026-03-19_14h57.06.162,ant_ver113,2025.2.3,MacIntel,120.4819277,,,,,446.4199,447.1197,0.7,447.12,451.1201,right,1,0.3487,,,,,,,,,stim/lower.png,stim/congRight.png,-1,right,0,,,,,,0,35,35,43,1,,,,,,,,,
,,2026-03-19_14h57.06.162,ant_ver113,2025.2.3,MacIntel,120.4819277,,,,,451.1206,452.2201,1.1,452.2207,456.2198,left,1,0.4327,,,,,,,,,stim/blank.png,stim/neutralLeft.png,1,left,0,,,,,,0,36,36,42,1,,,,,,,,,
,,2026-03-19_14h57.06.162,ant_ver113,2025.2.3,MacIntel,120.4819277,,,,,456.2204,456.67,0.45,456.6707,460.6691,left,1,0.462,,,,,,,,,stim/centre.png,stim/congLeft.png,1,left,0,,,,,,0,37,37,4,1,,,,,,,,,
,,2026-03-19_14h57.06.162,ant_ver113,2025.2.3,MacIntel,120.4819277,,,,,460.6694,461.4192,0.75,461.4197,465.4198,left,1,0.5108,,,,,,,,,stim/upper.png,stim/congLeft.png,1,left,0,,,,,,0,38,38,24,1,,,,,,,,,
,,2026-03-19_14h57.06.162,ant_ver113,2025.2.3,MacIntel,120.4819277,,,,,465.4202,466.8201,1.4,466.8203,470.8199,right,1,0.5018,,,,,,,,,stim/centre.png,stim/neutralRight.png,1,right,0,,,,,,0,39,39,29,1,,,,,,,,,
,,2026-03-19_14h57.06.162,ant_ver113,2025.2.3,MacIntel,120.4819277,,,,,470.8202,471.7198,0.9,471.72,475.7202,right,1,0.6654,,,,,,,,,stim/lower.png,stim/incongRight.png,-1,right,0,,,,,,0,40,40,19,1,,,,,,,,,
,,2026-03-19_14h57.06.162,ant_ver113,2025.2.3,MacIntel,120.4819277,,,,,475.7208,476.3193,0.6,476.3205,480.3201,left,1,0.5285,,,,,,,,,stim/both.png,stim/congLeft.png,-1,left,0,,,,,,0,41,41,5,1,,,,,,,,,
,,2026-03-19_14h57.06.162,ant_ver113,2025.2.3,MacIntel,120.4819277,,,,,480.3206,481.82,1.5,481.8204,485.8197,right,1,0.6492,,,,,,,,,stim/centre.png,stim/incongRight.png,1,right,0,,,,,,0,42,42,26,1,,,,,,,,,
,,2026-03-19_14h57.06.162,ant_ver113,2025.2.3,MacIntel,120.4819277,,,,,485.8199,486.9201,1.1,486.9211,490.9201,right,1,0.3809,,,,,,,,,stim/both.png,stim/neutralRight.png,1,right,0,,,,,,0,43,43,23,1,,,,,,,,,
,,2026-03-19_14h57.06.162,ant_ver113,2025.2.3,MacIntel,120.4819277,,,,,490.9206,491.6701,0.75,491.6709,495.67,left,1,0.4613,,,,,,,,,stim/centre.png,stim/incongLeft.png,-1,left,0,,,,,,0,44,44,21,1,,,,,,,,,
,,2026-03-19_14h57.06.162,ant_ver113,2025.2.3,MacIntel,120.4819277,,,,,495.6708,496.3699,0.7,496.3704,500.37,left,1,0.3225,,,,,,,,,stim/lower.png,stim/incongLeft.png,-1,left,0,,,,,,0,45,45,10,1,,,,,,,,,
,,2026-03-19_14h57.06.162,ant_ver113,2025.2.3,MacIntel,120.4819277,,,,,500.3705,501.7191,1.35,501.7198,505.72,right,1,0.442,,,,,,,,,stim/blank.png,stim/incongRight.png,1,right,0,,,,,,0,46,46,40,1,,,,,,,,,
,,2026-03-19_14h57.06.162,ant_ver113,2025.2.3,MacIntel,120.4819277,,,,,505.7206,506.5198,0.8,506.5199,510.5201,left,1,0.3743,,,,,,,,,stim/upper.png,stim/incongLeft.png,1,left,0,,,,,,0,47,47,33,1,,,,,,,,,
,,2026-03-19_14h57.06.162,ant_ver113,2025.2.3,MacIntel,120.4819277,,,,,510.5207,511.1201,0.6,511.1206,515.1193,right,1,0.3992,,,,,,,,,stim/centre.png,stim/neutralRight.png,-1,right,0,,,,,,1,0,48,35,1,,,,,,,,,
,,2026-03-19_14h57.06.162,ant_ver113,2025.2.3,MacIntel,120.4819277,,,,,515.1199,516.67,1.55,516.6707,520.6695,right,1,0.4737,,,,,,,,,stim/upper.png,stim/incongRight.png,1,right,0,,,,,,1,1,49,11,1,,,,,,,,,
,,2026-03-19_14h57.06.162,ant_ver113,2025.2.3,MacIntel,120.4819277,,,,,520.6701,521.52,0.85,521.5207,525.52,right,1,0.4409,,,,,,,,,stim/centre.png,stim/congRight.png,1,right,0,,,,,,1,2,50,2,1,,,,,,,,,
,,2026-03-19_14h57.06.162,ant_ver113,2025.2.3,MacIntel,120.4819277,,,,,525.5205,525.97,0.45,525.9706,529.9694,left,1,0.3909,,,,,,,,,stim/blank.png,stim/neutralLeft.png,-1,left,0,,,,,,1,3,51,32,1,,,,,,,,,
,,2026-03-19_14h57.06.162,ant_ver113,2025.2.3,MacIntel,120.4819277,,,,,529.9698,531.2198,1.25,531.2202,535.22,left,1,0.5679,,,,,,,,,stim/centre.png,stim/incongLeft.png,1,left,0,,,,,,1,4,52,46,1,,,,,,,,,
,,2026-03-19_14h57.06.162,ant_ver113,2025.2.3,MacIntel,120.4819277,,,,,535.2205,536.3194,1.1,536.3202,540.3201,left,1,0.4545,,,,,,,,,stim/lower.png,stim/incongLeft.png,-1,left,0,,,,,,1,5,53,10,1,,,,,,,,,
,,2026-03-19_14h57.06.162,ant_ver113,2025.2.3,MacIntel,120.4819277,,,,,540.3206,541.12,0.8,541.1207,545.12,left,1,0.4137,,,,,,,,,stim/centre.png,stim/neutralLeft.png,1,left,0,,,,,,1,6,54,22,1,,,,,,,,,
,,2026-03-19_14h57.06.162,ant_ver113,2025.2.3,MacIntel,120.4819277,,,,,545.1209,545.5699,0.45,545.5704,549.5698,left,1,0.4028,,,,,,,,,stim/upper.png,stim/congLeft.png,1,left,0,,,,,,1,7,55,24,1,,,,,,,,,
,,2026-03-19_14h57.06.162,ant_ver113,2025.2.3,MacIntel,120.4819277,,,,,549.5701,550.52,0.95,550.5207,554.5201,right,1,0.3419,,,,,,,,,stim/upper.png,stim/neutralRight.png,1,right,0,,,,,,1,8,56,27,1,,,,,,,,,
,,2026-03-19_14h57.06.162,ant_ver113,2025.2.3,MacIntel,120.4819277,,,,,554.5207,555.42,0.9,555.4209,559.419,right,1,0.4135,,,,,,,,,stim/lower.png,stim/congRight.png,-1,right,0,,,,,,1,9,57,43,1,,,,,,,,,
,,2026-03-19_14h57.06.162,ant_ver113,2025.2.3,MacIntel,120.4819277,,,,,559.4196,559.97,0.55,559.9708,563.97,right,1,0.4995,,,,,,,,,stim/blank.png,stim/incongRight.png,-1,right,0,,,,,,1,10,58,7,1,,,,,,,,,
,,2026-03-19_14h57.06.162,ant_ver113,2025.2.3,MacIntel,120.4819277,,,,,563.9705,564.5202,0.55,564.5208,568.5193,left,1,0.5561,,,,,,,,,stim/centre.png,stim/neutralLeft.png,-1,left,0,,,,,,1,11,59,14,1,,,,,,,,,
,,2026-03-19_14h57.06.162,ant_ver113,2025.2.3,MacIntel,120.4819277,,,,,568.5196,569.7201,1.2,569.7206,573.7201,left,1,0.4661,,,,,,,,,stim/blank.png,stim/incongLeft.png,-1,left,0,,,,,,1,12,60,16,1,,,,,,,,,
,,2026-03-19_14h57.06.162,ant_ver113,2025.2.3,MacIntel,120.4819277,,,,,573.7206,574.1697,0.45,574.1704,578.1704,right,1,0.2538,,,,,,,,,stim/lower.png,stim/neutralRight.png,-1,right,0,,,,,,1,13,61,28,1,,,,,,,,,
,,2026-03-19_14h57.06.162,ant_ver113,2025.2.3,MacIntel,120.4819277,,,,,578.1709,579.0701,0.9,579.0706,583.0695,left,0,0.4426,,,,,,,,,stim/centre.png,stim/congRight.png,-1,right,0,,,,,,1,14,62,0,1,,,,,,,,,
,,2026-03-19_14h57.06.162,ant_ver113,2025.2.3,MacIntel,120.4819277,,,,,583.0702,584.47,1.4,584.4707,588.4701,right,1,0.4,,,,,,,,,stim/both.png,stim/congRight.png,1,right,0,,,,,,1,15,63,47,1,,,,,,,,,
,,2026-03-19_14h57.06.162,ant_ver113,2025.2.3,MacIntel,120.4819277,,,,,588.4707,589.9213,1.45,589.9219,593.9198,right,1,0.4503,,,,,,,,,stim/blank.png,stim/congRight.png,1,right,0,,,,,,1,16,64,45,1,,,,,,,,,
,,2026-03-19_14h57.06.162,ant_ver113,2025.2.3,MacIntel,120.4819277,,,,,593.92,594.7698,0.85,594.77,598.7702,left,1,0.4828,,,,,,,,,stim/both.png,stim/incongLeft.png,-1,left,0,,,,,,1,17,65,37,1,,,,,,,,,
,,2026-03-19_14h57.06.162,ant_ver113,2025.2.3,MacIntel,120.4819277,,,,,598.7706,600.0202,1.25,600.0207,604.0204,left,1,0.4605,,,,,,,,,stim/blank.png,stim/congLeft.png,-1,left,0,,,,,,1,18,66,15,1,,,,,,,,,
,,2026-03-19_14h57.06.162,ant_ver113,2025.2.3,MacIntel,120.4819277,,,,,604.0211,605.4207,1.4,605.4213,609.4208,right,1,0.5611,,,,,,,,,stim/blank.png,stim/neutralRight.png,1,right,0,,,,,,1,19,67,39,1,,,,,,,,,
,,2026-03-19_14h57.06.162,ant_ver113,2025.2.3,MacIntel,120.4819277,,,,,609.4215,610.7199,1.3,610.7204,614.7201,left,1,0.3907,,,,,,,,,stim/upper.png,stim/neutralLeft.png,1,left,0,,,,,,1,20,68,8,1,,,,,,,,,
,,2026-03-19_14h57.06.162,ant_ver113,2025.2.3,MacIntel,120.4819277,,,,,614.7207,616.1697,1.45,616.1704,620.1699,left,0,0.7538,,,,,,,,,stim/centre.png,stim/incongRight.png,1,right,0,,,,,,1,21,69,26,1,,,,,,,,,
,,2026-03-19_14h57.06.162,ant_ver113,2025.2.3,MacIntel,120.4819277,,,,,620.1701,621.1701,1,621.1704,625.17,left,1,0.4166,,,,,,,,,stim/both.png,stim/neutralLeft.png,1,left,0,,,,,,1,22,70,31,1,,,,,,,,,
,,2026-03-19_14h57.06.162,ant_ver113,2025.2.3,MacIntel,120.4819277,,,,,625.1706,625.5704,0.4,625.571,629.5699,right,1,0.516,,,,,,,,,stim/both.png,stim/incongRight.png,-1,right,0,,,,,,1,23,71,3,1,,,,,,,,,
,,2026-03-19_14h57.06.162,ant_ver113,2025.2.3,MacIntel,120.4819277,,,,,629.5702,630.2208,0.65,630.2216,634.2199,left,1,0.4063,,,,,,,,,stim/centre.png,stim/incongLeft.png,-1,left,0,,,,,,1,24,72,21,1,,,,,,,,,
,,2026-03-19_14h57.06.162,ant_ver113,2025.2.3,MacIntel,120.4819277,,,,,634.2203,635.1196,0.9,635.1198,639.1199,right,1,0.6194,,,,,,,,,stim/centre.png,stim/neutralRight.png,1,right,0,,,,,,1,25,73,29,1,,,,,,,,,
,,2026-03-19_14h57.06.162,ant_ver113,2025.2.3,MacIntel,120.4819277,,,,,639.1202,639.6195,0.5,639.6199,643.6201,right,1,0.4901,,,,,,,,,stim/both.png,stim/congRight.png,-1,right,0,,,,,,1,26,74,13,1,,,,,,,,,
,,2026-03-19_14h57.06.162,ant_ver113,2025.2.3,MacIntel,120.4819277,,,,,643.6206,644.2702,0.65,644.2708,648.2701,left,1,0.3686,,,,,,,,,stim/lower.png,stim/congLeft.png,-1,left,0,,,,,,1,27,75,12,1,,,,,,,,,
,,2026-03-19_14h57.06.162,ant_ver113,2025.2.3,MacIntel,120.4819277,,,,,648.2705,649.5199,1.25,649.5201,653.52,left,1,0.3662,,,,,,,,,stim/both.png,stim/congLeft.png,-1,left,0,,,,,,1,28,76,5,1,,,,,,,,,
,,2026-03-19_14h57.06.162,ant_ver113,2025.2.3,MacIntel,120.4819277,,,,,653.5204,654.5701,1.05,654.5709,658.5699,left,1,0.3805,,,,,,,,,stim/blank.png,stim/congLeft.png,1,left,0,,,,,,1,29,77,6,1,,,,,,,,,
,,2026-03-19_14h57.06.162,ant_ver113,2025.2.3,MacIntel,120.4819277,,,,,658.5704,660.0201,1.45,660.0207,664.0207,right,1,0.4314,,,,,,,,,stim/lower.png,stim/incongRight.png,-1,right,0,,,,,,1,30,78,19,1,,,,,,,,,
,,2026-03-19_14h57.06.162,ant_ver113,2025.2.3,MacIntel,120.4819277,,,,,664.0212,665.0202,1,665.0208,669.0201,left,1,0.4334,,,,,,,,,stim/both.png,stim/neutralLeft.png,-1,left,0,,,,,,1,31,79,17,1,,,,,,,,,
,,2026-03-19_14h57.06.162,ant_ver113,2025.2.3,MacIntel,120.4819277,,,,,669.0206,669.5202,0.5,669.5207,673.52,left,0,0.5778,,,,,,,,,stim/centre.png,stim/incongRight.png,-1,right,0,,,,,,1,32,80,25,1,,,,,,,,,
,,2026-03-19_14h57.06.162,ant_ver113,2025.2.3,MacIntel,120.4819277,,,,,673.5207,674.2699,0.75,674.2704,678.2699,left,1,0.456,,,,,,,,,stim/centre.png,stim/congLeft.png,1,left,0,,,,,,1,33,81,4,1,,,,,,,,,
,,2026-03-19_14h57.06.162,ant_ver113,2025.2.3,MacIntel,120.4819277,,,,,678.2702,679.1701,0.9,679.1705,683.1699,left,1,0.5477,,,,,,,,,stim/both.png,stim/incongLeft.png,1,left,0,,,,,,1,34,82,1,1,,,,,,,,,
,,2026-03-19_14h57.06.162,ant_ver113,2025.2.3,MacIntel,120.4819277,,,,,683.1703,683.6701,0.5,683.6708,687.6695,right,1,0.7558,,,,,,,,,stim/blank.png,stim/neutralRight.png,-1,right,0,,,,,,1,35,83,36,1,,,,,,,,,
,,2026-03-19_14h57.06.162,ant_ver113,2025.2.3,MacIntel,120.4819277,,,,,687.6703,688.0702,0.4,688.0708,692.07,right,1,0.4145,,,,,,,,,stim/both.png,stim/neutralRight.png,-1,right,0,,,,,,1,36,84,41,1,,,,,,,,,
,,2026-03-19_14h57.06.162,ant_ver113,2025.2.3,MacIntel,120.4819277,,,,,692.0705,693.4201,1.35,693.4207,697.42,left,1,0.4876,,,,,,,,,stim/blank.png,stim/neutralLeft.png,1,left,0,,,,,,1,37,85,42,1,,,,,,,,,
,,2026-03-19_14h57.06.162,ant_ver113,2025.2.3,MacIntel,120.4819277,,,,,697.4203,698.2698,0.85,698.2707,702.27,left,1,0.4349,,,,,,,,,stim/both.png,stim/congLeft.png,1,left,0,,,,,,1,38,86,34,1,,,,,,,,,
,,2026-03-19_14h57.06.162,ant_ver113,2025.2.3,MacIntel,120.4819277,,,,,702.2707,703.2201,0.95,703.2207,707.2201,left,1,0.3733,,,,,,,,,stim/lower.png,stim/neutralLeft.png,-1,left,0,,,,,,1,39,87,38,1,,,,,,,,,
,,2026-03-19_14h57.06.162,ant_ver113,2025.2.3,MacIntel,120.4819277,,,,,707.2206,708.32,1.1,708.3206,712.3202,right,1,0.4241,,,,,,,,,stim/both.png,stim/neutralRight.png,1,right,0,,,,,,1,40,88,23,1,,,,,,,,,
,,2026-03-19_14h57.06.162,ant_ver113,2025.2.3,MacIntel,120.4819277,,,,,712.3207,712.8701,0.55,712.8708,716.8702,right,1,0.3981,,,,,,,,,stim/upper.png,stim/congRight.png,1,right,0,,,,,,1,41,89,30,1,,,,,,,,,
,,2026-03-19_14h57.06.162,ant_ver113,2025.2.3,MacIntel,120.4819277,,,,,716.8708,717.2706,0.4,717.2712,721.2702,right,1,0.4446,,,,,,,,,stim/blank.png,stim/incongRight.png,1,right,0,,,,,,1,42,90,40,1,,,,,,,,,
,,2026-03-19_14h57.06.162,ant_ver113,2025.2.3,MacIntel,120.4819277,,,,,721.2708,722.2205,0.95,722.2212,726.2198,left,1,0.833,,,,,,,,,stim/blank.png,stim/incongLeft.png,1,left,0,,,,,,1,43,91,20,1,,,,,,,,,
,,2026-03-19_14h57.06.162,ant_ver113,2025.2.3,MacIntel,120.4819277,,,,,726.22,727.0195,0.8,727.0201,731.0202,left,0,0.9891,,,,,,,,,stim/blank.png,stim/congRight.png,-1,right,0,,,,,,1,44,92,18,1,,,,,,,,,
,,2026-03-19_14h57.06.162,ant_ver113,2025.2.3,MacIntel,120.4819277,,,,,731.0206,732.2201,1.2,732.2206,736.2202,right,1,0.5798,,,,,,,,,stim/both.png,stim/incongRight.png,1,right,0,,,,,,1,45,93,44,1,,,,,,,,,
,,2026-03-19_14h57.06.162,ant_ver113,2025.2.3,MacIntel,120.4819277,,,,,736.2209,736.8202,0.6,736.8212,740.82,left,1,1.1807,,,,,,,,,stim/upper.png,stim/incongLeft.png,1,left,0,,,,,,1,46,94,33,1,,,,,,,,,
,,2026-03-19_14h57.06.162,ant_ver113,2025.2.3,MacIntel,120.4819277,,,,,740.8202,741.2702,0.45,741.271,745.2699,left,1,1.3329,,,,,,,,,stim/centre.png,stim/congLeft.png,-1,left,0,,,,,,1,47,95,9,1,,,,,,,,,
,,2026-03-19_14h57.06.162,ant_ver113,2025.2.3,MacIntel,120.4819277,,,,,,,,,,,,,,,,,,,,,,,,,,,,,,,,,,,,745.2722,755.5536,0,0,0,0,1,,
,,2026-03-19_14h57.06.162,ant_ver113,2025.2.3,MacIntel,120.4819277,,,,,755.5633,756.2117,0.65,756.2126,760.2125,left,1,1.1311,,,,,,,,,stim/both.png,stim/neutralLeft.png,1,left,0,,,,,,0,0,0,31,1,,,,,,,,,
,,2026-03-19_14h57.06.162,ant_ver113,2025.2.3,MacIntel,120.4819277,,,,,760.213,760.8618,0.65,760.8625,764.8623,left,1,1.1313,,,,,,,,,stim/upper.png,stim/neutralLeft.png,1,left,0,,,,,,0,1,1,8,1,,,,,,,,,
,,2026-03-19_14h57.06.162,ant_ver113,2025.2.3,MacIntel,120.4819277,,,,,764.8628,765.7616,0.9,765.7621,769.762,left,1,0.8891,,,,,,,,,stim/both.png,stim/congLeft.png,1,left,0,,,,,,0,2,2,34,1,,,,,,,,,
,,2026-03-19_14h57.06.162,ant_ver113,2025.2.3,MacIntel,120.4819277,,,,,769.7625,770.4119,0.65,770.4125,774.4119,left,1,1.1308,,,,,,,,,stim/upper.png,stim/incongLeft.png,1,left,0,,,,,,0,3,3,33,1,,,,,,,,,
,,2026-03-19_14h57.06.162,ant_ver113,2025.2.3,MacIntel,120.4819277,,,,,774.4125,775.9114,1.5,775.9123,779.9117,right,1,0.2891,,,,,,,,,stim/blank.png,stim/congRight.png,-1,right,0,,,,,,0,4,4,18,1,,,,,,,,,
,,2026-03-19_14h57.06.162,ant_ver113,2025.2.3,MacIntel,120.4819277,,,,,779.9123,781.1617,1.25,781.1626,785.1621,right,1,0.5295,,,,,,,,,stim/both.png,stim/incongRight.png,-1,right,0,,,,,,0,5,5,3,1,,,,,,,,,
,,2026-03-19_14h57.06.162,ant_ver113,2025.2.3,MacIntel,120.4819277,,,,,785.1628,785.6618,0.5,785.6624,789.6625,left,1,1.2843,,,,,,,,,stim/centre.png,stim/incongLeft.png,1,left,0,,,,,,0,6,6,46,1,,,,,,,,,
,,2026-03-19_14h57.06.162,ant_ver113,2025.2.3,MacIntel,120.4819277,,,,,789.663,790.712,1.05,790.7137,794.7118,right,1,0.7309,,,,,,,,,stim/lower.png,stim/neutralRight.png,-1,right,0,,,,,,0,7,7,28,1,,,,,,,,,
,,2026-03-19_14h57.06.162,ant_ver113,2025.2.3,MacIntel,120.4819277,,,,,794.7123,795.4118,0.7,795.4124,799.4113,right,1,1.0877,,,,,,,,,stim/blank.png,stim/incongRight.png,-1,right,0,,,,,,0,8,8,7,1,,,,,,,,,
,,2026-03-19_14h57.06.162,ant_ver113,2025.2.3,MacIntel,120.4819277,,,,,799.4118,799.8116,0.4,799.8123,803.8122,right,1,1.3887,,,,,,,,,stim/centre.png,stim/congRight.png,1,right,0,,,,,,0,9,9,2,1,,,,,,,,,
,,2026-03-19_14h57.06.162,ant_ver113,2025.2.3,MacIntel,120.4819277,,,,,803.8127,804.3118,0.5,804.3126,808.3118,right,1,1.2854,,,,,,,,,stim/lower.png,stim/incongRight.png,-1,right,0,,,,,,0,10,10,19,1,,,,,,,,,
,,2026-03-19_14h57.06.162,ant_ver113,2025.2.3,MacIntel,120.4819277,,,,,808.3123,809.8118,1.5,809.8125,813.8116,left,1,0.2806,,,,,,,,,stim/both.png,stim/incongLeft.png,1,left,0,,,,,,0,11,11,1,1,,,,,,,,,
,,2026-03-19_14h57.06.162,ant_ver113,2025.2.3,MacIntel,120.4819277,,,,,813.8121,815.2119,1.4,815.2126,819.2122,left,1,0.3883,,,,,,,,,stim/centre.png,stim/neutralLeft.png,-1,left,0,,,,,,0,12,12,14,1,,,,,,,,,
,,2026-03-19_14h57.06.162,ant_ver113,2025.2.3,MacIntel,120.4819277,,,,,819.2131,820.561,1.35,820.5616,824.5612,right,1,0.4207,,,,,,,,,stim/centre.png,stim/incongRight.png,1,right,0,,,,,,0,13,13,26,1,,,,,,,,,
,,2026-03-19_14h57.06.162,ant_ver113,2025.2.3,MacIntel,120.4819277,,,,,824.5625,825.6619,1.1,825.6626,829.6619,left,1,0.6806,,,,,,,,,stim/blank.png,stim/neutralLeft.png,1,left,0,,,,,,0,14,14,42,1,,,,,,,,,
,,2026-03-19_14h57.06.162,ant_ver113,2025.2.3,MacIntel,120.4819277,,,,,829.6624,830.212,0.55,830.2128,834.2115,left,1,1.2282,,,,,,,,,stim/lower.png,stim/congLeft.png,-1,left,0,,,,,,0,15,15,12,1,,,,,,,,,
,,2026-03-19_14h57.06.162,ant_ver113,2025.2.3,MacIntel,120.4819277,,,,,834.2117,834.6115,0.4,834.6118,838.6112,left,1,1.3901,,,,,,,,,stim/blank.png,stim/congLeft.png,1,left,0,,,,,,0,16,16,6,1,,,,,,,,,
,,2026-03-19_14h57.06.162,ant_ver113,2025.2.3,MacIntel,120.4819277,,,,,838.6118,839.0119,0.4,839.0124,843.0114,right,1,1.3751,,,,,,,,,stim/blank.png,stim/neutralRight.png,-1,right,0,,,,,,0,17,17,36,1,,,,,,,,,
,,2026-03-19_14h57.06.162,ant_ver113,2025.2.3,MacIntel,120.4819277,,,,,843.0119,843.6117,0.6,843.6125,847.611,right,1,1.1875,,,,,,,,,stim/both.png,stim/neutralRight.png,1,right,0,,,,,,0,18,18,23,1,,,,,,,,,
,,2026-03-19_14h57.06.162,ant_ver113,2025.2.3,MacIntel,120.4819277,,,,,847.6115,848.2117,0.6,848.212,852.2108,left,1,0.6659,,,,,,,,,stim/centre.png,stim/incongLeft.png,-1,left,0,,,,,,0,19,19,21,1,,,,,,,,,
,,2026-03-19_14h57.06.162,ant_ver113,2025.2.3,MacIntel,120.4819277,,,,,852.2114,853.7613,1.55,853.7618,857.7614,right,1,0.5336,,,,,,,,,stim/blank.png,stim/neutralRight.png,1,right,0,,,,,,0,20,20,39,1,,,,,,,,,
,,2026-03-19_14h57.06.162,ant_ver113,2025.2.3,MacIntel,120.4819277,,,,,857.7618,858.7616,1,858.7618,862.7616,left,1,0.7082,,,,,,,,,stim/lower.png,stim/incongLeft.png,-1,left,0,,,,,,0,21,21,10,1,,,,,,,,,
,,2026-03-19_14h57.06.162,ant_ver113,2025.2.3,MacIntel,120.4819277,,,,,862.7618,863.812,1.05,863.8122,867.8115,right,1,0.3172,,,,,,,,,stim/upper.png,stim/incongRight.png,1,right,0,,,,,,0,22,22,11,1,,,,,,,,,
,,2026-03-19_14h57.06.162,ant_ver113,2025.2.3,MacIntel,120.4819277,,,,,867.8119,869.0611,1.25,869.0613,873.0617,left,1,0.358,,,,,,,,,stim/lower.png,stim/neutralLeft.png,-1,left,0,,,,,,0,23,23,38,1,,,,,,,,,
,,2026-03-19_14h57.06.162,ant_ver113,2025.2.3,MacIntel,120.4819277,,,,,873.062,873.512,0.45,873.5127,877.5115,right,1,0.3726,,,,,,,,,stim/centre.png,stim/congRight.png,-1,right,0,,,,,,0,24,24,0,1,,,,,,,,,
,,2026-03-19_14h57.06.162,ant_ver113,2025.2.3,MacIntel,120.4819277,,,,,877.5122,878.6116,1.1,878.6118,882.6118,right,1,0.4467,,,,,,,,,stim/centre.png,stim/neutralRight.png,1,right,0,,,,,,0,25,25,29,1,,,,,,,,,
,,2026-03-19_14h57.06.162,ant_ver113,2025.2.3,MacIntel,120.4819277,,,,,882.6122,884.0115,1.4,884.012,888.012,right,1,0.3298,,,,,,,,,stim/upper.png,stim/congRight.png,1,right,0,,,,,,0,26,26,30,1,,,,,,,,,
,,2026-03-19_14h57.06.162,ant_ver113,2025.2.3,MacIntel,120.4819277,,,,,888.0125,888.5618,0.55,888.5623,892.5617,right,1,0.3661,,,,,,,,,stim/lower.png,stim/congRight.png,-1,right,0,,,,,,0,27,27,43,1,,,,,,,,,
,,2026-03-19_14h57.06.162,ant_ver113,2025.2.3,MacIntel,120.4819277,,,,,892.562,893.2621,0.7,893.2624,897.2617,right,1,0.4506,,,,,,,,,stim/centre.png,stim/neutralRight.png,-1,right,0,,,,,,0,28,28,35,1,,,,,,,,,
,,2026-03-19_14h57.06.162,ant_ver113,2025.2.3,MacIntel,120.4819277,,,,,897.2621,897.7118,0.45,897.7124,901.7119,right,1,0.3715,,,,,,,,,stim/both.png,stim/congRight.png,1,right,0,,,,,,0,29,29,47,1,,,,,,,,,
,,2026-03-19_14h57.06.162,ant_ver113,2025.2.3,MacIntel,120.4819277,,,,,901.7123,902.311,0.6,902.3115,906.3117,left,1,0.3831,,,,,,,,,stim/centre.png,stim/congLeft.png,1,left,0,,,,,,0,30,30,4,1,,,,,,,,,
,,2026-03-19_14h57.06.162,ant_ver113,2025.2.3,MacIntel,120.4819277,,,,,906.3122,907.4618,1.15,907.4625,911.4618,left,1,0.4322,,,,,,,,,stim/blank.png,stim/neutralLeft.png,-1,left,0,,,,,,0,31,31,32,1,,,,,,,,,
,,2026-03-19_14h57.06.162,ant_ver113,2025.2.3,MacIntel,120.4819277,,,,,911.4621,912.6117,1.15,912.6124,916.6118,right,1,0.5143,,,,,,,,,stim/both.png,stim/congRight.png,-1,right,0,,,,,,0,32,32,13,1,,,,,,,,,
,,2026-03-19_14h57.06.162,ant_ver113,2025.2.3,MacIntel,120.4819277,,,,,916.6123,917.8116,1.2,917.8123,921.8117,left,1,0.5623,,,,,,,,,stim/blank.png,stim/incongLeft.png,-1,left,0,,,,,,0,33,33,16,1,,,,,,,,,
,,2026-03-19_14h57.06.162,ant_ver113,2025.2.3,MacIntel,120.4819277,,,,,921.812,922.2615,0.45,922.2619,926.2619,right,1,0.3278,,,,,,,,,stim/both.png,stim/neutralRight.png,-1,right,0,,,,,,0,34,34,41,1,,,,,,,,,
,,2026-03-19_14h57.06.162,ant_ver113,2025.2.3,MacIntel,120.4819277,,,,,926.2622,927.2117,0.95,927.2122,931.2118,left,0,0.5836,,,,,,,,,stim/both.png,stim/incongRight.png,1,right,0,,,,,,0,35,35,44,1,,,,,,,,,
,,2026-03-19_14h57.06.162,ant_ver113,2025.2.3,MacIntel,120.4819277,,,,,931.2128,932.3616,1.15,932.3619,936.3616,left,1,0.6135,,,,,,,,,stim/both.png,stim/incongLeft.png,-1,left,0,,,,,,0,36,36,37,1,,,,,,,,,
,,2026-03-19_14h57.06.162,ant_ver113,2025.2.3,MacIntel,120.4819277,,,,,936.3618,937.6117,1.25,937.6125,941.6118,left,1,0.4337,,,,,,,,,stim/both.png,stim/neutralLeft.png,-1,left,0,,,,,,0,37,37,17,1,,,,,,,,,
,,2026-03-19_14h57.06.162,ant_ver113,2025.2.3,MacIntel,120.4819277,,,,,941.6123,943.0618,1.45,943.0624,947.0618,right,1,0.6551,,,,,,,,,stim/centre.png,stim/incongRight.png,-1,right,0,,,,,,0,38,38,25,1,,,,,,,,,
,,2026-03-19_14h57.06.162,ant_ver113,2025.2.3,MacIntel,120.4819277,,,,,947.062,947.6118,0.55,947.6122,951.6117,left,1,0.5109,,,,,,,,,stim/centre.png,stim/neutralLeft.png,1,left,0,,,,,,0,39,39,22,1,,,,,,,,,
,,2026-03-19_14h57.06.162,ant_ver113,2025.2.3,MacIntel,120.4819277,,,,,951.6121,952.711,1.1,952.7115,956.7118,left,1,0.565,,,,,,,,,stim/blank.png,stim/congLeft.png,-1,left,0,,,,,,0,40,40,15,1,,,,,,,,,
,,2026-03-19_14h57.06.162,ant_ver113,2025.2.3,MacIntel,120.4819277,,,,,956.7122,957.2618,0.55,957.2627,961.2622,right,1,0.7152,,,,,,,,,stim/blank.png,stim/incongRight.png,1,right,0,,,,,,0,41,41,40,1,,,,,,,,,
,,2026-03-19_14h57.06.162,ant_ver113,2025.2.3,MacIntel,120.4819277,,,,,961.2627,962.7114,1.45,962.712,966.7114,left,1,0.4529,,,,,,,,,stim/blank.png,stim/incongLeft.png,1,left,0,,,,,,0,42,42,20,1,,,,,,,,,
,,2026-03-19_14h57.06.162,ant_ver113,2025.2.3,MacIntel,120.4819277,,,,,966.712,967.1617,0.45,967.1619,971.1612,right,1,0.3745,,,,,,,,,stim/upper.png,stim/neutralRight.png,1,right,0,,,,,,0,43,43,27,1,,,,,,,,,
,,2026-03-19_14h57.06.162,ant_ver113,2025.2.3,MacIntel,120.4819277,,,,,971.1617,972.362,1.2,972.3624,976.3615,left,1,0.5006,,,,,,,,,stim/centre.png,stim/congLeft.png,-1,left,0,,,,,,0,44,44,9,1,,,,,,,,,
,,2026-03-19_14h57.06.162,ant_ver113,2025.2.3,MacIntel,120.4819277,,,,,976.3619,976.862,0.5,976.8627,980.8613,left,1,0.4442,,,,,,,,,stim/both.png,stim/congLeft.png,-1,left,0,,,,,,0,45,45,5,1,,,,,,,,,
,,2026-03-19_14h57.06.162,ant_ver113,2025.2.3,MacIntel,120.4819277,,,,,980.8618,981.562,0.7,981.5627,985.5618,left,1,0.4025,,,,,,,,,stim/upper.png,stim/congLeft.png,1,left,0,,,,,,0,46,46,24,1,,,,,,,,,
,,2026-03-19_14h57.06.162,ant_ver113,2025.2.3,MacIntel,120.4819277,,,,,985.5624,986.5119,0.95,986.5125,990.5112,right,1,0.4083,,,,,,,,,stim/blank.png,stim/congRight.png,1,right,0,,,,,,0,47,47,45,1,,,,,,,,,
,,2026-03-19_14h57.06.162,ant_ver113,2025.2.3,MacIntel,120.4819277,,,,,990.5117,991.0112,0.5,991.0118,995.012,left,1,0.586,,,,,,,,,stim/lower.png,stim/incongLeft.png,-1,left,0,,,,,,1,0,48,10,1,,,,,,,,,
,,2026-03-19_14h57.06.162,ant_ver113,2025.2.3,MacIntel,120.4819277,,,,,995.0126,996.2621,1.25,996.2628,1000.2613,left,1,0.3395,,,,,,,,,stim/upper.png,stim/congLeft.png,1,left,0,,,,,,1,1,49,24,1,,,,,,,,,
,,2026-03-19_14h57.06.162,ant_ver113,2025.2.3,MacIntel,120.4819277,,,,,1000.2618,1000.9113,0.65,1000.9118,1004.9119,left,1,0.3954,,,,,,,,,stim/both.png,stim/congLeft.png,-1,left,0,,,,,,1,2,50,5,1,,,,,,,,,
,,2026-03-19_14h57.06.162,ant_ver113,2025.2.3,MacIntel,120.4819277,,,,,1004.9124,1006.2616,1.35,1006.2622,1010.2612,left,1,0.4398,,,,,,,,,stim/lower.png,stim/congLeft.png,-1,left,0,,,,,,1,3,51,12,1,,,,,,,,,
,,2026-03-19_14h57.06.162,ant_ver113,2025.2.3,MacIntel,120.4819277,,,,,1010.2618,1010.8126,0.55,1010.8133,1014.8114,left,1,0.3648,,,,,,,,,stim/centre.png,stim/neutralLeft.png,-1,left,0,,,,,,1,4,52,14,1,,,,,,,,,
,,2026-03-19_14h57.06.162,ant_ver113,2025.2.3,MacIntel,120.4819277,,,,,1014.8118,1015.9119,1.1,1015.9125,1019.9119,left,1,0.6047,,,,,,,,,stim/centre.png,stim/congLeft.png,1,left,0,,,,,,1,5,53,4,1,,,,,,,,,
,,2026-03-19_14h57.06.162,ant_ver113,2025.2.3,MacIntel,120.4819277,,,,,1019.9124,1021.2617,1.35,1021.2624,1025.2619,right,0,0.6144,,,,,,,,,stim/blank.png,stim/incongLeft.png,1,left,0,,,,,,1,6,54,20,1,,,,,,,,,
,,2026-03-19_14h57.06.162,ant_ver113,2025.2.3,MacIntel,120.4819277,,,,,1025.2624,1025.661,0.4,1025.6613,1029.6616,left,1,0.6511,,,,,,,,,stim/centre.png,stim/neutralLeft.png,1,left,0,,,,,,1,7,55,22,1,,,,,,,,,
,,2026-03-19_14h57.06.162,ant_ver113,2025.2.3,MacIntel,120.4819277,,,,,1029.6619,1031.0112,1.35,1031.0119,1035.0119,right,1,0.6622,,,,,,,,,stim/blank.png,stim/incongRight.png,1,right,0,,,,,,1,8,56,40,1,,,,,,,,,
,,2026-03-19_14h57.06.162,ant_ver113,2025.2.3,MacIntel,120.4819277,,,,,1035.0122,1036.5128,1.5,1036.5133,1040.5114,right,1,0.285,,,,,,,,,stim/centre.png,stim/incongRight.png,-1,right,0,,,,,,1,9,57,25,1,,,,,,,,,
,,2026-03-19_14h57.06.162,ant_ver113,2025.2.3,MacIntel,120.4819277,,,,,1040.512,1041.7118,1.2,1041.7121,1045.7117,right,1,0.4136,,,,,,,,,stim/centre.png,stim/neutralRight.png,1,right,0,,,,,,1,10,58,29,1,,,,,,,,,
,,2026-03-19_14h57.06.162,ant_ver113,2025.2.3,MacIntel,120.4819277,,,,,1045.712,1046.8618,1.15,1046.862,1050.8621,right,1,0.612,,,,,,,,,stim/blank.png,stim/incongRight.png,-1,right,0,,,,,,1,11,59,7,1,,,,,,,,,
,,2026-03-19_14h57.06.162,ant_ver113,2025.2.3,MacIntel,120.4819277,,,,,1050.8626,1051.3618,0.5,1051.3623,1055.3613,right,1,0.3789,,,,,,,,,stim/upper.png,stim/neutralRight.png,1,right,0,,,,,,1,12,60,27,1,,,,,,,,,
,,2026-03-19_14h57.06.162,ant_ver113,2025.2.3,MacIntel,120.4819277,,,,,1055.3618,1055.8618,0.5,1055.8622,1059.8624,right,1,0.4029,,,,,,,,,stim/upper.png,stim/congRight.png,1,right,0,,,,,,1,13,61,30,1,,,,,,,,,
,,2026-03-19_14h57.06.162,ant_ver113,2025.2.3,MacIntel,120.4819277,,,,,1059.863,1061.0126,1.15,1061.0131,1065.012,left,1,0.4517,,,,,,,,,stim/upper.png,stim/incongLeft.png,1,left,0,,,,,,1,14,62,33,1,,,,,,,,,
,,2026-03-19_14h57.06.162,ant_ver113,2025.2.3,MacIntel,120.4819277,,,,,1065.0124,1065.8123,0.8,1065.8131,1069.812,right,1,0.5167,,,,,,,,,stim/blank.png,stim/neutralRight.png,-1,right,0,,,,,,1,15,63,36,1,,,,,,,,,
,,2026-03-19_14h57.06.162,ant_ver113,2025.2.3,MacIntel,120.4819277,,,,,1069.8126,1070.6615,0.85,1070.6619,1074.6616,right,1,0.9323,,,,,,,,,stim/both.png,stim/congRight.png,1,right,0,,,,,,1,16,64,47,1,,,,,,,,,
,,2026-03-19_14h57.06.162,ant_ver113,2025.2.3,MacIntel,120.4819277,,,,,1074.6617,1075.4115,0.75,1075.4121,1079.4116,,0,,,,,,,,,,stim/lower.png,stim/neutralLeft.png,-1,left,0,,,,,,1,17,65,38,1,,,,,,,,,
,,2026-03-19_14h57.06.162,ant_ver113,2025.2.3,MacIntel,120.4819277,,,,,1079.4118,1079.9117,0.5,1079.9119,1083.9119,right,1,0.4098,,,,,,,,,stim/both.png,stim/congRight.png,-1,right,0,,,,,,1,18,66,13,1,,,,,,,,,
,,2026-03-19_14h57.06.162,ant_ver113,2025.2.3,MacIntel,120.4819277,,,,,1083.9125,1085.2117,1.3,1085.2121,1089.212,left,1,0.4599,,,,,,,,,stim/both.png,stim/incongLeft.png,1,left,0,,,,,,1,19,67,1,1,,,,,,,,,
,,2026-03-19_14h57.06.162,ant_ver113,2025.2.3,MacIntel,120.4819277,,,,,1089.2124,1090.3616,1.15,1090.3623,1094.3618,left,1,0.4312,,,,,,,,,stim/blank.png,stim/congLeft.png,1,left,0,,,,,,1,20,68,6,1,,,,,,,,,
,,2026-03-19_14h57.06.162,ant_ver113,2025.2.3,MacIntel,120.4819277,,,,,1094.3623,1095.8121,1.45,1095.8127,1099.8116,left,1,0.5786,,,,,,,,,stim/blank.png,stim/incongLeft.png,-1,left,0,,,,,,1,21,69,16,1,,,,,,,,,
,,2026-03-19_14h57.06.162,ant_ver113,2025.2.3,MacIntel,120.4819277,,,,,1099.8118,1100.9618,1.15,1100.962,1104.9613,right,1,0.7748,,,,,,,,,stim/centre.png,stim/congRight.png,1,right,0,,,,,,1,22,70,2,1,,,,,,,,,
,,2026-03-19_14h57.06.162,ant_ver113,2025.2.3,MacIntel,120.4819277,,,,,1104.9618,1106.4116,1.45,1106.4121,1110.4112,left,1,0.3295,,,,,,,,,stim/blank.png,stim/congLeft.png,-1,left,0,,,,,,1,23,71,15,1,,,,,,,,,
,,2026-03-19_14h57.06.162,ant_ver113,2025.2.3,MacIntel,120.4819277,,,,,1110.4118,1111.062,0.65,1111.0625,1115.0618,right,1,1.1317,,,,,,,,,stim/lower.png,stim/incongRight.png,-1,right,0,,,,,,1,24,72,19,1,,,,,,,,,
,,2026-03-19_14h57.06.162,ant_ver113,2025.2.3,MacIntel,120.4819277,,,,,1115.062,1115.4614,0.4,1115.4618,1119.4618,left,1,0.4261,,,,,,,,,stim/centre.png,stim/congLeft.png,-1,left,0,,,,,,1,25,73,9,1,,,,,,,,,
,,2026-03-19_14h57.06.162,ant_ver113,2025.2.3,MacIntel,120.4819277,,,,,1119.462,1120.3619,0.9,1120.3622,1124.3619,left,1,0.6924,,,,,,,,,stim/blank.png,stim/neutralLeft.png,1,left,0,,,,,,1,26,74,42,1,,,,,,,,,
,,2026-03-19_14h57.06.162,ant_ver113,2025.2.3,MacIntel,120.4819277,,,,,1124.3622,1125.8619,1.5,1125.8622,1129.8615,left,1,0.5077,,,,,,,,,stim/centre.png,stim/incongLeft.png,-1,left,0,,,,,,1,27,75,21,1,,,,,,,,,
,,2026-03-19_14h57.06.162,ant_ver113,2025.2.3,MacIntel,120.4819277,,,,,1129.8619,1130.4619,0.6,1130.4622,1134.4613,right,1,0.4084,,,,,,,,,stim/both.png,stim/neutralRight.png,-1,right,0,,,,,,1,28,76,41,1,,,,,,,,,
,,2026-03-19_14h57.06.162,ant_ver113,2025.2.3,MacIntel,120.4819277,,,,,1134.4619,1135.1121,0.65,1135.1127,1139.112,left,1,0.702,,,,,,,,,stim/both.png,stim/incongLeft.png,-1,left,0,,,,,,1,29,77,37,1,,,,,,,,,
,,2026-03-19_14h57.06.162,ant_ver113,2025.2.3,MacIntel,120.4819277,,,,,1139.1124,1140.3621,1.25,1140.3627,1144.3621,right,1,0.3334,,,,,,,,,stim/both.png,stim/incongRight.png,1,right,0,,,,,,1,30,78,44,1,,,,,,,,,
,,2026-03-19_14h57.06.162,ant_ver113,2025.2.3,MacIntel,120.4819277,,,,,1144.3628,1145.862,1.5,1145.8625,1149.862,left,1,0.2844,,,,,,,,,stim/blank.png,stim/neutralLeft.png,-1,left,0,,,,,,1,31,79,32,1,,,,,,,,,
,,2026-03-19_14h57.06.162,ant_ver113,2025.2.3,MacIntel,120.4819277,,,,,1149.8625,1150.7617,0.9,1150.7624,1154.7621,right,1,0.8882,,,,,,,,,stim/centre.png,stim/neutralRight.png,-1,right,0,,,,,,1,32,80,35,1,,,,,,,,,
,,2026-03-19_14h57.06.162,ant_ver113,2025.2.3,MacIntel,120.4819277,,,,,1154.7625,1156.0119,1.25,1156.0123,1160.012,left,1,0.5376,,,,,,,,,stim/both.png,stim/neutralLeft.png,1,left,0,,,,,,1,33,81,31,1,,,,,,,,,
,,2026-03-19_14h57.06.162,ant_ver113,2025.2.3,MacIntel,120.4819277,,,,,1160.0124,1161.4119,1.4,1161.4125,1165.412,right,1,0.492,,,,,,,,,stim/lower.png,stim/neutralRight.png,-1,right,0,,,,,,1,34,82,28,1,,,,,,,,,
,,2026-03-19_14h57.06.162,ant_ver113,2025.2.3,MacIntel,120.4819277,,,,,1165.4124,1166.4121,1,1166.4129,1170.4119,right,1,0.459,,,,,,,,,stim/blank.png,stim/congRight.png,-1,right,0,,,,,,1,35,83,18,1,,,,,,,,,
,,2026-03-19_14h57.06.162,ant_ver113,2025.2.3,MacIntel,120.4819277,,,,,1170.4122,1171.8686,1.45,1171.8691,1175.8705,left,1,0.6773,,,,,,,,,stim/both.png,stim/congLeft.png,1,left,0,,,,,,1,36,84,34,1,,,,,,,,,
,,2026-03-19_14h57.06.162,ant_ver113,2025.2.3,MacIntel,120.4819277,,,,,1175.8709,1176.9703,1.1,1176.9711,1180.9701,right,1,0.792,,,,,,,,,stim/blank.png,stim/neutralRight.png,1,right,0,,,,,,1,37,85,39,1,,,,,,,,,
,,2026-03-19_14h57.06.162,ant_ver113,2025.2.3,MacIntel,120.4819277,,,,,1180.9706,1181.9704,1,1181.9713,1185.9704,left,1,0.4675,,,,,,,,,stim/upper.png,stim/neutralLeft.png,1,left,0,,,,,,1,38,86,8,1,,,,,,,,,
,,2026-03-19_14h57.06.162,ant_ver113,2025.2.3,MacIntel,120.4819277,,,,,1185.9709,1186.8703,0.9,1186.8709,1190.8704,right,1,0.882,,,,,,,,,stim/upper.png,stim/incongRight.png,1,right,0,,,,,,1,39,87,11,1,,,,,,,,,
,,2026-03-19_14h57.06.162,ant_ver113,2025.2.3,MacIntel,120.4819277,,,,,1190.8711,1191.4704,0.6,1191.471,1195.4699,,0,,,,,,,,,,stim/both.png,stim/incongRight.png,-1,right,0,,,,,,1,40,88,3,1,,,,,,,,,
,,2026-03-19_14h57.06.162,ant_ver113,2025.2.3,MacIntel,120.4819277,,,,,1195.4704,1196.9201,1.45,1196.9204,1200.9198,left,1,0.4421,,,,,,,,,stim/both.png,stim/neutralLeft.png,-1,left,0,,,,,,1,41,89,17,1,,,,,,,,,
,,2026-03-19_14h57.06.162,ant_ver113,2025.2.3,MacIntel,120.4819277,,,,,1200.9203,1201.8203,0.9,1201.8209,1205.82,,0,,,,,,,,,,stim/blank.png,stim/congRight.png,1,right,0,,,,,,1,42,90,45,1,,,,,,,,,
,,2026-03-19_14h57.06.162,ant_ver113,2025.2.3,MacIntel,120.4819277,,,,,1205.8204,1206.8201,1,1206.8206,1210.8204,right,1,0.5138,,,,,,,,,stim/centre.png,stim/congRight.png,-1,right,0,,,,,,1,43,91,0,1,,,,,,,,,
,,2026-03-19_14h57.06.162,ant_ver113,2025.2.3,MacIntel,120.4819277,,,,,1210.8208,1211.7204,0.9,1211.7209,1215.7196,right,1,0.4618,,,,,,,,,stim/centre.png,stim/incongRight.png,1,right,0,,,,,,1,44,92,26,1,,,,,,,,,
,,2026-03-19_14h57.06.162,ant_ver113,2025.2.3,MacIntel,120.4819277,,,,,1215.7201,1216.2201,0.5,1216.2203,1220.2202,left,1,0.6042,,,,,,,,,stim/centre.png,stim/incongLeft.png,1,left,0,,,,,,1,45,93,46,1,,,,,,,,,
,,2026-03-19_14h57.06.162,ant_ver113,2025.2.3,MacIntel,120.4819277,,,,,1220.2206,1221.6203,1.4,1221.6205,1225.6202,right,1,0.3789,,,,,,,,,stim/lower.png,stim/congRight.png,-1,right,0,,,,,,1,46,94,43,1,,,,,,,,,
,,2026-03-19_14h57.06.162,ant_ver113,2025.2.3,MacIntel,120.4819277,,,,,1225.6205,1226.2701,0.65,1226.2703,1230.2701,right,1,0.4031,,,,,,,,,stim/both.png,stim/neutralRight.png,1,right,0,,,,,,1,47,95,23,1,,,,,,,,,
,,2026-03-19_14h57.06.162,ant_ver113,2025.2.3,MacIntel,120.4819277,,,,,,,,,,,,,,,,,,,,,,,,,,,,,,,,,,,,1230.2712,1240.812,1,0,1,0,1,,
,,2026-03-19_14h57.06.162,ant_ver113,2025.2.3,MacIntel,120.4819277,,,,,1240.8222,1241.2702,0.45,1241.2707,1245.2702,right,1,0.5667,,,,,,,,,stim/both.png,stim/neutralRight.png,-1,right,0,,,,,,0,0,0,41,1,,,,,,,,,
,,2026-03-19_14h57.06.162,ant_ver113,2025.2.3,MacIntel,120.4819277,,,,,1245.2707,1246.4207,1.15,1246.4214,1250.4204,left,1,0.9886,,,,,,,,,stim/centre.png,stim/incongLeft.png,1,left,0,,,,,,0,1,1,46,1,,,,,,,,,
,,2026-03-19_14h57.06.162,ant_ver113,2025.2.3,MacIntel,120.4819277,,,,,1250.4206,1251.4725,1.05,1251.4727,1255.4696,left,1,0.7312,,,,,,,,,stim/centre.png,stim/neutralLeft.png,1,left,0,,,,,,0,2,2,22,1,,,,,,,,,
,,2026-03-19_14h57.06.162,ant_ver113,2025.2.3,MacIntel,120.4819277,,,,,1255.4703,1256.8195,1.35,1256.8199,1260.8194,left,1,0.4398,,,,,,,,,stim/lower.png,stim/congLeft.png,-1,left,0,,,,,,0,3,3,12,1,,,,,,,,,
,,2026-03-19_14h57.06.162,ant_ver113,2025.2.3,MacIntel,120.4819277,,,,,1260.8198,1261.6202,0.8,1261.6207,1265.6204,left,1,0.9891,,,,,,,,,stim/blank.png,stim/congLeft.png,-1,left,0,,,,,,0,4,4,15,1,,,,,,,,,
,,2026-03-19_14h57.06.162,ant_ver113,2025.2.3,MacIntel,120.4819277,,,,,1265.6208,1267.1705,1.55,1267.171,1271.1702,left,1,0.229,,,,,,,,,stim/blank.png,stim/neutralLeft.png,-1,left,0,,,,,,0,5,5,32,1,,,,,,,,,
,,2026-03-19_14h57.06.162,ant_ver113,2025.2.3,MacIntel,120.4819277,,,,,1271.1706,1272.5704,1.4,1272.571,1276.5703,right,1,0.3895,,,,,,,,,stim/upper.png,stim/congRight.png,1,right,0,,,,,,0,6,6,30,1,,,,,,,,,
,,2026-03-19_14h57.06.162,ant_ver113,2025.2.3,MacIntel,120.4819277,,,,,1276.571,1277.9205,1.35,1277.9211,1281.9202,right,1,0.4298,,,,,,,,,stim/blank.png,stim/neutralRight.png,-1,right,0,,,,,,0,7,7,36,1,,,,,,,,,
,,2026-03-19_14h57.06.162,ant_ver113,2025.2.3,MacIntel,120.4819277,,,,,1281.9206,1283.1201,1.2,1283.1204,1287.1204,left,1,0.5882,,,,,,,,,stim/centre.png,stim/congLeft.png,1,left,0,,,,,,0,8,8,4,1,,,,,,,,,
,,2026-03-19_14h57.06.162,ant_ver113,2025.2.3,MacIntel,120.4819277,,,,,1287.1208,1288.1702,1.05,1288.1705,1292.1706,left,1,0.7336,,,,,,,,,stim/blank.png,stim/neutralLeft.png,1,left,0,,,,,,0,9,9,42,1,,,,,,,,,
,,2026-03-19_14h57.06.162,ant_ver113,2025.2.3,MacIntel,120.4819277,,,,,1292.1711,1292.8202,0.65,1292.8207,1296.8205,left,1,1.1379,,,,,,,,,stim/both.png,stim/congLeft.png,-1,left,0,,,,,,0,10,10,5,1,,,,,,,,,
,,2026-03-19_14h57.06.162,ant_ver113,2025.2.3,MacIntel,120.4819277,,,,,1296.8211,1297.4208,0.6,1297.4214,1301.4209,left,1,1.173,,,,,,,,,stim/both.png,stim/incongLeft.png,1,left,0,,,,,,0,11,11,1,1,,,,,,,,,
,,2026-03-19_14h57.06.162,ant_ver113,2025.2.3,MacIntel,120.4819277,,,,,1301.4215,1302.3705,0.95,1302.3712,1306.3705,right,1,0.8317,,,,,,,,,stim/centre.png,stim/incongRight.png,-1,right,0,,,,,,0,12,12,25,1,,,,,,,,,
,,2026-03-19_14h57.06.162,ant_ver113,2025.2.3,MacIntel,120.4819277,,,,,1306.3711,1307.0202,0.65,1307.0207,1311.0203,right,1,1.142,,,,,,,,,stim/lower.png,stim/neutralRight.png,-1,right,0,,,,,,0,13,13,28,1,,,,,,,,,
,,2026-03-19_14h57.06.162,ant_ver113,2025.2.3,MacIntel,120.4819277,,,,,1311.0207,1311.4696,0.45,1311.4702,1315.4706,right,1,1.3976,,,,,,,,,stim/blank.png,stim/congRight.png,1,right,0,,,,,,0,14,14,45,1,,,,,,,,,
,,2026-03-19_14h57.06.162,ant_ver113,2025.2.3,MacIntel,120.4819277,,,,,1315.4711,1316.8202,1.35,1316.8206,1320.8203,left,1,0.4329,,,,,,,,,stim/blank.png,stim/incongLeft.png,-1,left,0,,,,,,0,15,15,16,1,,,,,,,,,
,,2026-03-19_14h57.06.162,ant_ver113,2025.2.3,MacIntel,120.4819277,,,,,1320.8206,1321.5702,0.75,1321.5706,1325.5701,right,1,1.0389,,,,,,,,,stim/both.png,stim/congRight.png,-1,right,0,,,,,,0,16,16,13,1,,,,,,,,,
,,2026-03-19_14h57.06.162,ant_ver113,2025.2.3,MacIntel,120.4819277,,,,,1325.5705,1327.0202,1.45,1327.0208,1331.0205,left,1,0.3364,,,,,,,,,stim/lower.png,stim/incongLeft.png,-1,left,0,,,,,,0,17,17,10,1,,,,,,,,,
,,2026-03-19_14h57.06.162,ant_ver113,2025.2.3,MacIntel,120.4819277,,,,,1331.0211,1331.8203,0.8,1331.8207,1335.8202,left,1,0.9805,,,,,,,,,stim/centre.png,stim/congLeft.png,-1,left,0,,,,,,0,18,18,9,1,,,,,,,,,
,,2026-03-19_14h57.06.162,ant_ver113,2025.2.3,MacIntel,120.4819277,,,,,1335.8206,1336.8701,1.05,1336.8706,1340.8702,left,0,0.7333,,,,,,,,,stim/both.png,stim/neutralRight.png,1,right,0,,,,,,0,19,19,23,1,,,,,,,,,
,,2026-03-19_14h57.06.162,ant_ver113,2025.2.3,MacIntel,120.4819277,,,,,1340.8705,1341.5702,0.7,1341.5705,1345.5708,right,1,1.0901,,,,,,,,,stim/centre.png,stim/neutralRight.png,-1,right,0,,,,,,0,20,20,35,1,,,,,,,,,
,,2026-03-19_14h57.06.162,ant_ver113,2025.2.3,MacIntel,120.4819277,,,,,1345.5714,1346.7694,1.2,1346.7698,1350.7701,left,1,0.591,,,,,,,,,stim/upper.png,stim/congLeft.png,1,left,0,,,,,,0,21,21,24,1,,,,,,,,,
,,2026-03-19_14h57.06.162,ant_ver113,2025.2.3,MacIntel,120.4819277,,,,,1350.7705,1351.4707,0.7,1351.4715,1355.471,right,1,1.0816,,,,,,,,,stim/blank.png,stim/congRight.png,-1,right,0,,,,,,0,22,22,18,1,,,,,,,,,
,,2026-03-19_14h57.06.162,ant_ver113,2025.2.3,MacIntel,120.4819277,,,,,1355.4715,1356.5202,1.05,1356.5204,1360.5195,left,1,0.7308,,,,,,,,,stim/lower.png,stim/neutralLeft.png,-1,left,0,,,,,,0,23,23,38,1,,,,,,,,,
,,2026-03-19_14h57.06.162,ant_ver113,2025.2.3,MacIntel,120.4819277,,,,,1360.5197,1362.0206,1.5,1362.0211,1366.0206,left,1,0.2797,,,,,,,,,stim/both.png,stim/neutralLeft.png,1,left,0,,,,,,0,24,24,31,1,,,,,,,,,
,,2026-03-19_14h57.06.162,ant_ver113,2025.2.3,MacIntel,120.4819277,,,,,1366.0212,1366.4206,0.4,1366.4211,1370.4195,left,1,1.3801,,,,,,,,,stim/both.png,stim/incongLeft.png,-1,left,0,,,,,,0,25,25,37,1,,,,,,,,,
,,2026-03-19_14h57.06.162,ant_ver113,2025.2.3,MacIntel,120.4819277,,,,,1370.4199,1371.421,1,1371.4216,1375.4206,left,1,0.7826,,,,,,,,,stim/centre.png,stim/neutralLeft.png,-1,left,0,,,,,,0,26,26,14,1,,,,,,,,,
,,2026-03-19_14h57.06.162,ant_ver113,2025.2.3,MacIntel,120.4819277,,,,,1375.4211,1376.2207,0.8,1376.2212,1380.2206,left,1,0.9783,,,,,,,,,stim/both.png,stim/neutralLeft.png,-1,left,0,,,,,,0,27,27,17,1,,,,,,,,,
,,2026-03-19_14h57.06.162,ant_ver113,2025.2.3,MacIntel,120.4819277,,,,,1380.2211,1381.5202,1.3,1381.5207,1385.5206,right,1,0.4776,,,,,,,,,stim/both.png,stim/incongRight.png,-1,right,0,,,,,,0,28,28,3,1,,,,,,,,,
,,2026-03-19_14h57.06.162,ant_ver113,2025.2.3,MacIntel,120.4819277,,,,,1385.5211,1386.0703,0.55,1386.0707,1390.0706,right,1,1.2347,,,,,,,,,stim/centre.png,stim/incongRight.png,1,right,0,,,,,,0,29,29,26,1,,,,,,,,,
,,2026-03-19_14h57.06.162,ant_ver113,2025.2.3,MacIntel,120.4819277,,,,,1390.0712,1391.6206,1.55,1391.6212,1395.6202,right,1,0.225,,,,,,,,,stim/centre.png,stim/congRight.png,-1,right,0,,,,,,0,30,30,0,1,,,,,,,,,
,,2026-03-19_14h57.06.162,ant_ver113,2025.2.3,MacIntel,120.4819277,,,,,1395.6204,1396.0195,0.4,1396.0199,1400.0206,right,1,1.3907,,,,,,,,,stim/blank.png,stim/incongRight.png,-1,right,0,,,,,,0,31,31,7,1,,,,,,,,,
,,2026-03-19_14h57.06.162,ant_ver113,2025.2.3,MacIntel,120.4819277,,,,,1400.0211,1401.4705,1.45,1401.4712,1405.4694,right,1,0.3299,,,,,,,,,stim/upper.png,stim/neutralRight.png,1,right,0,,,,,,0,32,32,27,1,,,,,,,,,
,,2026-03-19_14h57.06.162,ant_ver113,2025.2.3,MacIntel,120.4819277,,,,,1405.4695,1406.6702,1.2,1406.6704,1410.6705,left,1,0.5818,,,,,,,,,stim/both.png,stim/congLeft.png,1,left,0,,,,,,0,33,33,34,1,,,,,,,,,
,,2026-03-19_14h57.06.162,ant_ver113,2025.2.3,MacIntel,120.4819277,,,,,1410.6711,1411.1696,0.5,1411.1701,1415.1705,right,1,1.2826,,,,,,,,,stim/blank.png,stim/incongRight.png,1,right,0,,,,,,0,34,34,40,1,,,,,,,,,
,,2026-03-19_14h57.06.162,ant_ver113,2025.2.3,MacIntel,120.4819277,,,,,1415.171,1416.5206,1.35,1416.5211,1420.5203,left,1,0.4314,,,,,,,,,stim/centre.png,stim/incongLeft.png,-1,left,0,,,,,,0,35,35,21,1,,,,,,,,,
,,2026-03-19_14h57.06.162,ant_ver113,2025.2.3,MacIntel,120.4819277,,,,,1420.5206,1421.6201,1.1,1421.6203,1425.6205,right,1,0.6846,,,,,,,,,stim/both.png,stim/incongRight.png,1,right,0,,,,,,0,36,36,44,1,,,,,,,,,
,,2026-03-19_14h57.06.162,ant_ver113,2025.2.3,MacIntel,120.4819277,,,,,1425.6212,1426.7702,1.15,1426.7706,1430.7708,right,1,0.6313,,,,,,,,,stim/both.png,stim/congRight.png,1,right,0,,,,,,0,37,37,47,1,,,,,,,,,
,,2026-03-19_14h57.06.162,ant_ver113,2025.2.3,MacIntel,120.4819277,,,,,1430.7714,1432.271,1.5,1432.2715,1436.2702,left,1,0.2847,,,,,,,,,stim/blank.png,stim/congLeft.png,1,left,0,,,,,,0,38,38,6,1,,,,,,,,,
,,2026-03-19_14h57.06.162,ant_ver113,2025.2.3,MacIntel,120.4819277,,,,,1436.2708,1436.8204,0.55,1436.8208,1440.8198,left,1,1.2327,,,,,,,,,stim/blank.png,stim/incongLeft.png,1,left,0,,,,,,0,39,39,20,1,,,,,,,,,
,,2026-03-19_14h57.06.162,ant_ver113,2025.2.3,MacIntel,120.4819277,,,,,1440.8214,1442.3705,1.55,1442.371,1446.3702,left,1,0.24,,,,,,,,,stim/upper.png,stim/incongLeft.png,1,left,0,,,,,,0,40,40,33,1,,,,,,,,,
,,2026-03-19_14h57.06.162,ant_ver113,2025.2.3,MacIntel,120.4819277,,,,,1446.3707,1447.5705,1.2,1447.5712,1451.5707,right,1,0.592,,,,,,,,,stim/lower.png,stim/incongRight.png,-1,right,0,,,,,,0,41,41,19,1,,,,,,,,,
,,2026-03-19_14h57.06.162,ant_ver113,2025.2.3,MacIntel,120.4819277,,,,,1451.5713,1453.0202,1.45,1453.0206,1457.0203,right,1,0.3388,,,,,,,,,stim/blank.png,stim/neutralRight.png,1,right,0,,,,,,0,42,42,39,1,,,,,,,,,
,,2026-03-19_14h57.06.162,ant_ver113,2025.2.3,MacIntel,120.4819277,,,,,1457.0206,1457.5201,0.5,1457.5203,1461.5202,left,1,1.2823,,,,,,,,,stim/upper.png,stim/neutralLeft.png,1,left,0,,,,,,0,43,43,8,1,,,,,,,,,
,,2026-03-19_14h57.06.162,ant_ver113,2025.2.3,MacIntel,120.4819277,,,,,1461.5203,1462.2202,0.7,1462.2204,1466.2207,right,1,1.0801,,,,,,,,,stim/centre.png,stim/congRight.png,1,right,0,,,,,,0,44,44,2,1,,,,,,,,,
,,2026-03-19_14h57.06.162,ant_ver113,2025.2.3,MacIntel,120.4819277,,,,,1466.2212,1467.3695,1.15,1467.3699,1471.3707,right,1,0.6404,,,,,,,,,stim/centre.png,stim/neutralRight.png,1,right,0,,,,,,0,45,45,29,1,,,,,,,,,
,,2026-03-19_14h57.06.162,ant_ver113,2025.2.3,MacIntel,120.4819277,,,,,1471.3712,1472.8709,1.5,1472.8715,1476.8706,right,1,0.2823,,,,,,,,,stim/lower.png,stim/congRight.png,-1,right,0,,,,,,0,46,46,43,1,,,,,,,,,
,,2026-03-19_14h57.06.162,ant_ver113,2025.2.3,MacIntel,120.4819277,,,,,1476.8711,1478.1702,1.3,1478.1707,1482.1701,right,1,0.4806,,,,,,,,,stim/upper.png,stim/incongRight.png,1,right,0,,,,,,0,47,47,11,1,,,,,,,,,
,,2026-03-19_14h57.06.162,ant_ver113,2025.2.3,MacIntel,120.4819277,,,,,1482.1706,1483.2706,1.1,1483.2711,1487.2702,right,1,0.6823,,,,,,,,,stim/blank.png,stim/incongRight.png,1,right,0,,,,,,1,0,48,40,1,,,,,,,,,
,,2026-03-19_14h57.06.162,ant_ver113,2025.2.3,MacIntel,120.4819277,,,,,1487.2704,1488.1696,0.9,1488.1703,1492.1707,right,1,0.8921,,,,,,,,,stim/upper.png,stim/incongRight.png,1,right,0,,,,,,1,1,49,11,1,,,,,,,,,
,,2026-03-19_14h57.06.162,ant_ver113,2025.2.3,MacIntel,120.4819277,,,,,1492.1711,1492.7208,0.55,1492.7214,1496.7202,left,1,1.2321,,,,,,,,,stim/upper.png,stim/neutralLeft.png,1,left,0,,,,,,1,2,50,8,1,,,,,,,,,
,,2026-03-19_14h57.06.162,ant_ver113,2025.2.3,MacIntel,120.4819277,,,,,1496.7205,1497.8702,1.15,1497.8705,1501.8702,left,1,0.6385,,,,,,,,,stim/blank.png,stim/incongLeft.png,-1,left,0,,,,,,1,3,51,16,1,,,,,,,,,
,,2026-03-19_14h57.06.162,ant_ver113,2025.2.3,MacIntel,120.4819277,,,,,1501.8704,1503.1703,1.3,1503.1707,1507.1703,right,1,0.4903,,,,,,,,,stim/blank.png,stim/neutralRight.png,-1,right,0,,,,,,1,4,52,36,1,,,,,,,,,
,,2026-03-19_14h57.06.162,ant_ver113,2025.2.3,MacIntel,120.4819277,,,,,1507.1708,1508.5205,1.35,1508.5211,1512.5199,left,1,0.4294,,,,,,,,,stim/both.png,stim/neutralLeft.png,1,left,0,,,,,,1,5,53,31,1,,,,,,,,,
,,2026-03-19_14h57.06.162,ant_ver113,2025.2.3,MacIntel,120.4819277,,,,,1512.5205,1513.1208,0.6,1513.1214,1517.1208,right,1,1.1811,,,,,,,,,stim/blank.png,stim/neutralRight.png,1,right,0,,,,,,1,6,54,39,1,,,,,,,,,
,,2026-03-19_14h57.06.162,ant_ver113,2025.2.3,MacIntel,120.4819277,,,,,1517.1213,1518.5709,1.45,1518.5713,1522.5703,right,1,0.3335,,,,,,,,,stim/upper.png,stim/neutralRight.png,1,right,0,,,,,,1,7,55,27,1,,,,,,,,,
,,2026-03-19_14h57.06.162,ant_ver113,2025.2.3,MacIntel,120.4819277,,,,,1522.5708,1523.4204,0.85,1523.421,1527.4205,right,1,0.9379,,,,,,,,,stim/both.png,stim/neutralRight.png,1,right,0,,,,,,1,8,56,23,1,,,,,,,,,
,,2026-03-19_14h57.06.162,ant_ver113,2025.2.3,MacIntel,120.4819277,,,,,1527.4211,1528.4206,1,1528.4212,1532.4206,left,1,0.7843,,,,,,,,,stim/upper.png,stim/incongLeft.png,1,left,0,,,,,,1,9,57,33,1,,,,,,,,,
,,2026-03-19_14h57.06.162,ant_ver113,2025.2.3,MacIntel,120.4819277,,,,,1532.4211,1533.1704,0.75,1533.1707,1537.1703,left,1,1.0308,,,,,,,,,stim/both.png,stim/neutralLeft.png,-1,left,0,,,,,,1,10,58,17,1,,,,,,,,,
,,2026-03-19_14h57.06.162,ant_ver113,2025.2.3,MacIntel,120.4819277,,,,,1537.1706,1538.2203,1.05,1538.2206,1542.2207,right,1,0.7299,,,,,,,,,stim/centre.png,stim/neutralRight.png,1,right,0,,,,,,1,11,59,29,1,,,,,,,,,
,,2026-03-19_14h57.06.162,ant_ver113,2025.2.3,MacIntel,120.4819277,,,,,1542.2212,1543.7708,1.55,1543.7713,1547.7707,right,1,0.2264,,,,,,,,,stim/centre.png,stim/congRight.png,1,right,0,,,,,,1,12,60,2,1,,,,,,,,,
,,2026-03-19_14h57.06.162,ant_ver113,2025.2.3,MacIntel,120.4819277,,,,,1547.7712,1548.5709,0.8,1548.5713,1552.5705,left,1,0.9817,,,,,,,,,stim/both.png,stim/congLeft.png,-1,left,0,,,,,,1,13,61,5,1,,,,,,,,,
,,2026-03-19_14h57.06.162,ant_ver113,2025.2.3,MacIntel,120.4819277,,,,,1552.571,1553.0703,0.5,1553.0708,1557.0699,right,1,1.2816,,,,,,,,,stim/lower.png,stim/congRight.png,-1,right,0,,,,,,1,14,62,43,1,,,,,,,,,
,,2026-03-19_14h57.06.162,ant_ver113,2025.2.3,MacIntel,120.4819277,,,,,1557.0704,1557.6201,0.55,1557.6205,1561.6207,left,1,1.2379,,,,,,,,,stim/centre.png,stim/neutralLeft.png,-1,left,0,,,,,,1,15,63,14,1,,,,,,,,,
,,2026-03-19_14h57.06.162,ant_ver113,2025.2.3,MacIntel,120.4819277,,,,,1561.6214,1562.7702,1.15,1562.7706,1566.7702,left,1,0.6364,,,,,,,,,stim/lower.png,stim/congLeft.png,-1,left,0,,,,,,1,16,64,12,1,,,,,,,,,
,,2026-03-19_14h57.06.162,ant_ver113,2025.2.3,MacIntel,120.4819277,,,,,1566.7704,1567.2708,0.5,1567.2714,1571.2696,left,1,1.2779,,,,,,,,,stim/blank.png,stim/incongLeft.png,1,left,0,,,,,,1,17,65,20,1,,,,,,,,,
,,2026-03-19_14h57.06.162,ant_ver113,2025.2.3,MacIntel,120.4819277,,,,,1571.27,1572.3195,1.05,1572.3199,1576.3203,left,1,0.7407,,,,,,,,,stim/blank.png,stim/neutralLeft.png,1,left,0,,,,,,1,18,66,42,1,,,,,,,,,
,,2026-03-19_14h57.06.162,ant_ver113,2025.2.3,MacIntel,120.4819277,,,,,1576.3207,1577.4703,1.15,1577.4708,1581.4711,right,1,0.6374,,,,,,,,,stim/upper.png,stim/congRight.png,1,right,0,,,,,,1,19,67,30,1,,,,,,,,,
,,2026-03-19_14h57.06.162,ant_ver113,2025.2.3,MacIntel,120.4819277,,,,,1581.4716,1582.4701,1,1582.4704,1586.4703,left,1,0.7927,,,,,,,,,stim/centre.png,stim/incongLeft.png,1,left,0,,,,,,1,20,68,46,1,,,,,,,,,
,,2026-03-19_14h57.06.162,ant_ver113,2025.2.3,MacIntel,120.4819277,,,,,1586.4706,1587.0202,0.55,1587.0207,1591.0207,right,1,1.2441,,,,,,,,,stim/centre.png,stim/neutralRight.png,-1,right,0,,,,,,1,21,69,35,1,,,,,,,,,
,,2026-03-19_14h57.06.162,ant_ver113,2025.2.3,MacIntel,120.4819277,,,,,1591.0212,1591.8697,0.85,1591.8704,1595.8706,left,1,0.9301,,,,,,,,,stim/centre.png,stim/incongLeft.png,-1,left,0,,,,,,1,22,70,21,1,,,,,,,,,
,,2026-03-19_14h57.06.162,ant_ver113,2025.2.3,MacIntel,120.4819277,,,,,1595.8712,1597.2703,1.4,1597.2708,1601.2707,right,0,0.3817,,,,,,,,,stim/blank.png,stim/neutralLeft.png,-1,left,0,,,,,,1,23,71,32,1,,,,,,,,,
,,2026-03-19_14h57.06.162,ant_ver113,2025.2.3,MacIntel,120.4819277,,,,,1601.2712,1602.2211,0.95,1602.2215,1606.2205,left,0,0.8326,,,,,,,,,stim/centre.png,stim/incongRight.png,-1,right,0,,,,,,1,24,72,25,1,,,,,,,,,
,,2026-03-19_14h57.06.162,ant_ver113,2025.2.3,MacIntel,120.4819277,,,,,1606.221,1607.6703,1.45,1607.6707,1611.6704,right,1,0.3331,,,,,,,,,stim/both.png,stim/congRight.png,1,right,0,,,,,,1,25,73,47,1,,,,,,,,,
,,2026-03-19_14h57.06.162,ant_ver113,2025.2.3,MacIntel,120.4819277,,,,,1611.6709,1613.2207,1.55,1613.2214,1617.22,right,1,0.2325,,,,,,,,,stim/lower.png,stim/incongRight.png,-1,right,0,,,,,,1,26,74,19,1,,,,,,,,,
,,2026-03-19_14h57.06.162,ant_ver113,2025.2.3,MacIntel,120.4819277,,,,,1617.2205,1618.4203,1.2,1618.4206,1622.4207,left,1,0.5907,,,,,,,,,stim/both.png,stim/congLeft.png,1,left,0,,,,,,1,27,75,34,1,,,,,,,,,
,,2026-03-19_14h57.06.162,ant_ver113,2025.2.3,MacIntel,120.4819277,,,,,1622.4212,1622.9712,0.55,1622.9718,1626.9703,right,1,1.2328,,,,,,,,,stim/lower.png,stim/neutralRight.png,-1,right,0,,,,,,1,28,76,28,1,,,,,,,,,
,,2026-03-19_14h57.06.162,ant_ver113,2025.2.3,MacIntel,120.4819277,,,,,1626.9706,1628.2706,1.3,1628.271,1632.2705,left,1,0.4871,,,,,,,,,stim/centre.png,stim/congLeft.png,1,left,0,,,,,,1,29,77,4,1,,,,,,,,,
,,2026-03-19_14h57.06.162,ant_ver113,2025.2.3,MacIntel,120.4819277,,,,,1632.271,1633.3195,1.05,1633.3199,1637.3205,right,1,0.8411,,,,,,,,,stim/centre.png,stim/incongRight.png,1,right,0,,,,,,1,30,78,26,1,,,,,,,,,
,,2026-03-19_14h57.06.162,ant_ver113,2025.2.3,MacIntel,120.4819277,,,,,1637.3208,1638.0703,0.75,1638.0706,1642.0709,right,1,1.0315,,,,,,,,,stim/blank.png,stim/incongRight.png,-1,right,0,,,,,,1,31,79,7,1,,,,,,,,,
,,2026-03-19_14h57.06.162,ant_ver113,2025.2.3,MacIntel,120.4819277,,,,,1642.0714,1643.4709,1.4,1643.4714,1647.4708,right,1,0.3822,,,,,,,,,stim/both.png,stim/incongRight.png,-1,right,0,,,,,,1,32,80,3,1,,,,,,,,,
,,2026-03-19_14h57.06.162,ant_ver113,2025.2.3,MacIntel,120.4819277,,,,,1647.4712,1648.5703,1.1,1648.5708,1652.5707,right,1,0.681,,,,,,,,,stim/centre.png,stim/congRight.png,-1,right,0,,,,,,1,33,81,0,1,,,,,,,,,
,,2026-03-19_14h57.06.162,ant_ver113,2025.2.3,MacIntel,120.4819277,,,,,1652.5712,1653.0203,0.45,1653.0207,1657.0203,right,0,1.3373,,,,,,,,,stim/lower.png,stim/incongLeft.png,-1,left,0,,,,,,1,34,82,10,1,,,,,,,,,
,,2026-03-19_14h57.06.162,ant_ver113,2025.2.3,MacIntel,120.4819277,,,,,1657.0208,1658.2702,1.25,1658.2707,1662.2707,left,1,0.5312,,,,,,,,,stim/centre.png,stim/neutralLeft.png,1,left,0,,,,,,1,35,83,22,1,,,,,,,,,
,,2026-03-19_14h57.06.162,ant_ver113,2025.2.3,MacIntel,120.4819277,,,,,1662.2713,1662.6708,0.4,1662.6714,1666.6703,right,1,1.3816,,,,,,,,,stim/blank.png,stim/congRight.png,1,right,0,,,,,,1,36,84,45,1,,,,,,,,,
,,2026-03-19_14h57.06.162,ant_ver113,2025.2.3,MacIntel,120.4819277,,,,,1666.6705,1667.7708,1.1,1667.7714,1671.7702,right,1,0.6758,,,,,,,,,stim/both.png,stim/neutralRight.png,-1,right,0,,,,,,1,37,85,41,1,,,,,,,,,
,,2026-03-19_14h57.06.162,ant_ver113,2025.2.3,MacIntel,120.4819277,,,,,1671.7709,1673.0202,1.25,1673.0206,1677.0196,left,1,0.5388,,,,,,,,,stim/centre.png,stim/congLeft.png,-1,left,0,,,,,,1,38,86,9,1,,,,,,,,,
,,2026-03-19_14h57.06.162,ant_ver113,2025.2.3,MacIntel,120.4819277,,,,,1677.0199,1678.5707,1.55,1678.5713,1682.5701,left,1,0.2313,,,,,,,,,stim/blank.png,stim/congLeft.png,1,left,0,,,,,,1,39,87,6,1,,,,,,,,,
,,2026-03-19_14h57.06.162,ant_ver113,2025.2.3,MacIntel,120.4819277,,,,,1682.5702,1683.2203,0.65,1683.2205,1687.2207,right,1,1.1309,,,,,,,,,stim/both.png,stim/congRight.png,-1,right,0,,,,,,1,40,88,13,1,,,,,,,,,
,,2026-03-19_14h57.06.162,ant_ver113,2025.2.3,MacIntel,120.4819277,,,,,1687.2212,1688.7201,1.5,1688.7208,1692.7206,left,1,0.2745,,,,,,,,,stim/both.png,stim/incongLeft.png,-1,left,0,,,,,,1,41,89,37,1,,,,,,,,,
,,2026-03-19_14h57.06.162,ant_ver113,2025.2.3,MacIntel,120.4819277,,,,,1692.7211,1693.6706,0.95,1693.6712,1697.6707,right,0,0.8306,,,,,,,,,stim/both.png,stim/incongLeft.png,1,left,0,,,,,,1,42,90,1,1,,,,,,,,,
,,2026-03-19_14h57.06.162,ant_ver113,2025.2.3,MacIntel,120.4819277,,,,,1697.6714,1699.1706,1.5,1699.1711,1703.1706,left,1,0.2796,,,,,,,,,stim/upper.png,stim/congLeft.png,1,left,0,,,,,,1,43,91,24,1,,,,,,,,,
,,2026-03-19_14h57.06.162,ant_ver113,2025.2.3,MacIntel,120.4819277,,,,,1703.171,1704.3201,1.15,1704.3204,1708.3208,left,1,0.6423,,,,,,,,,stim/blank.png,stim/congLeft.png,-1,left,0,,,,,,1,44,92,15,1,,,,,,,,,
,,2026-03-19_14h57.06.162,ant_ver113,2025.2.3,MacIntel,120.4819277,,,,,1708.3213,1709.5703,1.25,1709.5706,1713.5703,right,1,0.5663,,,,,,,,,stim/both.png,stim/incongRight.png,1,right,0,,,,,,1,45,93,44,1,,,,,,,,,
,,2026-03-19_14h57.06.162,ant_ver113,2025.2.3,MacIntel,120.4819277,,,,,1713.5706,1713.9703,0.4,1713.9708,1717.9696,left,1,1.3802,,,,,,,,,stim/lower.png,stim/neutralLeft.png,-1,left,0,,,,,,1,46,94,38,1,,,,,,,,,
,,2026-03-19_14h57.06.162,ant_ver113,2025.2.3,MacIntel,120.4819277,,,,,1717.97,1719.1709,1.2,1719.1716,1723.1706,right,1,0.5812,,,,,,,,,stim/blank.png,stim/congRight.png,-1,right,0,,,,,,1,47,95,18,1,,,,,,,,,
,,2026-03-19_14h57.06.162,ant_ver113,2025.2.3,MacIntel,120.4819277,,,,,,,,,,,,,,,,,,,,,,,,,,,,,,,,,,,,1723.1718,1723.1735,2,0,2,0,1,,
,,2026-03-19_14h57.06.162,ant_ver113,2025.2.3,MacIntel,120.4819277,,,,,,,,,,,,,,,,,,,,,,,,,,,,,,,,,,,,,,,,,,,1723.1737,1726.2371
